Grammar:

Rule 0     S' -> statements
Rule 1     statements -> stmt
Rule 2     statements -> statements stmt
Rule 3     stmt -> print_stmt
Rule 4     stmt -> assign_expr
Rule 5     stmt -> for_stmt
Rule 6     stmt -> while_stmt
Rule 7     stmt -> if_stmt
Rule 8     stmt -> RETURN expr ;
Rule 9     stmt -> CONTINUE ;
Rule 10    stmt -> BREAK ;
Rule 11    stmt -> { statements }
Rule 12    stmt -> ;
Rule 13    if_stmt -> IF ( relation_expr ) stmt  [precedence=nonassoc, level=1]
Rule 14    if_stmt -> IF ( relation_expr ) stmt ELSE stmt  [precedence=nonassoc, level=2]
Rule 15    while_stmt -> WHILE ( relation_expr ) stmt
Rule 16    for_stmt -> FOR ID = id_int : id_int stmt
Rule 17    id_int -> INTNUM
Rule 18    id_int -> ID
Rule 19    print_stmt -> PRINT print_rek ;
Rule 20    print_rek -> expr
Rule 21    print_rek -> print_rek , expr
Rule 22    value -> STRING
Rule 23    value -> ID
Rule 24    value -> FLOAT
Rule 25    value -> INTNUM
Rule 26    expr -> expr DOTDIV expr  [precedence=left, level=5]
Rule 27    expr -> expr DOTMUL expr  [precedence=left, level=5]
Rule 28    expr -> expr DOTSUB expr  [precedence=left, level=4]
Rule 29    expr -> expr DOTADD expr  [precedence=left, level=4]
Rule 30    expr -> expr DIV expr  [precedence=left, level=5]
Rule 31    expr -> expr MUL expr  [precedence=left, level=5]
Rule 32    expr -> expr SUB expr  [precedence=left, level=4]
Rule 33    expr -> expr ADD expr  [precedence=left, level=4]
Rule 34    expr -> [ string_of_num ]
Rule 35    expr -> [ matrix_rows ]
Rule 36    expr -> ( expr )
Rule 37    expr -> expr '  [precedence=nonassoc, level=7]
Rule 38    expr -> SUB expr  [precedence=right, level=6]
Rule 39    expr -> matrix_ref
Rule 40    expr -> matrix_funcs
Rule 41    expr -> relation_expr
Rule 42    expr -> assign_expr
Rule 43    expr -> value
Rule 44    assign_expr -> id_ref DIVASSIGN expr ;
Rule 45    assign_expr -> id_ref MULASSIGN expr ;
Rule 46    assign_expr -> id_ref SUBASSIGN expr ;
Rule 47    assign_expr -> id_ref ADDASSIGN expr ;
Rule 48    assign_expr -> id_ref = expr ;
Rule 49    id_ref -> matrix_ref
Rule 50    id_ref -> ID
Rule 51    relation_expr -> expr NEQ expr  [precedence=nonassoc, level=3]
Rule 52    relation_expr -> expr EQ expr  [precedence=nonassoc, level=3]
Rule 53    relation_expr -> expr GTE expr  [precedence=nonassoc, level=3]
Rule 54    relation_expr -> expr LTE expr  [precedence=nonassoc, level=3]
Rule 55    relation_expr -> expr GT expr  [precedence=nonassoc, level=3]
Rule 56    relation_expr -> expr LT expr  [precedence=nonassoc, level=3]
Rule 57    matrix_funcs -> EYE ( INTNUM )
Rule 58    matrix_funcs -> ONES ( INTNUM )
Rule 59    matrix_funcs -> ZEROS ( INTNUM )
Rule 60    matrix_ref -> ID [ string_of_num ]
Rule 61    matrix_rows -> matrix_rows , [ string_of_num ]
Rule 62    matrix_rows -> [ string_of_num ]
Rule 63    string_of_num -> string_of_num , INTNUM
Rule 64    string_of_num -> INTNUM

Terminals, with rules where they appear:

'                    : 37
(                    : 13 14 15 36 57 58 59
)                    : 13 14 15 36 57 58 59
,                    : 21 61 63
:                    : 16
;                    : 8 9 10 12 19 44 45 46 47 48
=                    : 16 48
ADD                  : 33
ADDASSIGN            : 47
BREAK                : 10
CONTINUE             : 9
DIV                  : 30
DIVASSIGN            : 44
DOTADD               : 29
DOTDIV               : 26
DOTMUL               : 27
DOTSUB               : 28
ELSE                 : 14
EQ                   : 52
EYE                  : 57
FLOAT                : 24
FOR                  : 16
GT                   : 55
GTE                  : 53
ID                   : 16 18 23 50 60
IF                   : 13 14
INTNUM               : 17 25 57 58 59 63 64
LT                   : 56
LTE                  : 54
MUL                  : 31
MULASSIGN            : 45
NEQ                  : 51
ONES                 : 58
PRINT                : 19
RETURN               : 8
STRING               : 22
SUB                  : 32 38
SUBASSIGN            : 46
WHILE                : 15
ZEROS                : 59
[                    : 34 35 60 61 62
]                    : 34 35 60 61 62
error                : 
{                    : 11
}                    : 11

Nonterminals, with rules where they appear:

assign_expr          : 4 42
expr                 : 8 20 21 26 26 27 27 28 28 29 29 30 30 31 31 32 32 33 33 36 37 38 44 45 46 47 48 51 51 52 52 53 53 54 54 55 55 56 56
for_stmt             : 5
id_int               : 16 16
id_ref               : 44 45 46 47 48
if_stmt              : 7
matrix_funcs         : 40
matrix_ref           : 39 49
matrix_rows          : 35 61
print_rek            : 19 21
print_stmt           : 3
relation_expr        : 13 14 15 41
statements           : 2 11 0
stmt                 : 1 2 13 14 14 15 16
string_of_num        : 34 60 61 62 63
value                : 43
while_stmt           : 6


state 0

    (0) S' -> . statements
    (1) statements -> . stmt
    (2) statements -> . statements stmt
    (3) stmt -> . print_stmt
    (4) stmt -> . assign_expr
    (5) stmt -> . for_stmt
    (6) stmt -> . while_stmt
    (7) stmt -> . if_stmt
    (8) stmt -> . RETURN expr ;
    (9) stmt -> . CONTINUE ;
    (10) stmt -> . BREAK ;
    (11) stmt -> . { statements }
    (12) stmt -> . ;
    (19) print_stmt -> . PRINT print_rek ;
    (44) assign_expr -> . id_ref DIVASSIGN expr ;
    (45) assign_expr -> . id_ref MULASSIGN expr ;
    (46) assign_expr -> . id_ref SUBASSIGN expr ;
    (47) assign_expr -> . id_ref ADDASSIGN expr ;
    (48) assign_expr -> . id_ref = expr ;
    (16) for_stmt -> . FOR ID = id_int : id_int stmt
    (15) while_stmt -> . WHILE ( relation_expr ) stmt
    (13) if_stmt -> . IF ( relation_expr ) stmt
    (14) if_stmt -> . IF ( relation_expr ) stmt ELSE stmt
    (49) id_ref -> . matrix_ref
    (50) id_ref -> . ID
    (60) matrix_ref -> . ID [ string_of_num ]
    RETURN          shift and go to state 8
    CONTINUE        shift and go to state 10
    BREAK           shift and go to state 11
    {               shift and go to state 12
    ;               shift and go to state 9
    PRINT           shift and go to state 13
    FOR             shift and go to state 15
    WHILE           shift and go to state 17
    IF              shift and go to state 18
    ID              shift and go to state 16

    statements                     shift and go to state 1
    stmt                           shift and go to state 2
    print_stmt                     shift and go to state 3
    assign_expr                    shift and go to state 4
    for_stmt                       shift and go to state 5
    while_stmt                     shift and go to state 6
    if_stmt                        shift and go to state 7
    id_ref                         shift and go to state 14
    matrix_ref                     shift and go to state 19

state 1

    (0) S' -> statements .
    (2) statements -> statements . stmt
    (3) stmt -> . print_stmt
    (4) stmt -> . assign_expr
    (5) stmt -> . for_stmt
    (6) stmt -> . while_stmt
    (7) stmt -> . if_stmt
    (8) stmt -> . RETURN expr ;
    (9) stmt -> . CONTINUE ;
    (10) stmt -> . BREAK ;
    (11) stmt -> . { statements }
    (12) stmt -> . ;
    (19) print_stmt -> . PRINT print_rek ;
    (44) assign_expr -> . id_ref DIVASSIGN expr ;
    (45) assign_expr -> . id_ref MULASSIGN expr ;
    (46) assign_expr -> . id_ref SUBASSIGN expr ;
    (47) assign_expr -> . id_ref ADDASSIGN expr ;
    (48) assign_expr -> . id_ref = expr ;
    (16) for_stmt -> . FOR ID = id_int : id_int stmt
    (15) while_stmt -> . WHILE ( relation_expr ) stmt
    (13) if_stmt -> . IF ( relation_expr ) stmt
    (14) if_stmt -> . IF ( relation_expr ) stmt ELSE stmt
    (49) id_ref -> . matrix_ref
    (50) id_ref -> . ID
    (60) matrix_ref -> . ID [ string_of_num ]
    RETURN          shift and go to state 8
    CONTINUE        shift and go to state 10
    BREAK           shift and go to state 11
    {               shift and go to state 12
    ;               shift and go to state 9
    PRINT           shift and go to state 13
    FOR             shift and go to state 15
    WHILE           shift and go to state 17
    IF              shift and go to state 18
    ID              shift and go to state 16

    stmt                           shift and go to state 20
    print_stmt                     shift and go to state 3
    assign_expr                    shift and go to state 4
    for_stmt                       shift and go to state 5
    while_stmt                     shift and go to state 6
    if_stmt                        shift and go to state 7
    id_ref                         shift and go to state 14
    matrix_ref                     shift and go to state 19

state 2

    (1) statements -> stmt .
    RETURN          reduce using rule 1 (statements -> stmt .)
    CONTINUE        reduce using rule 1 (statements -> stmt .)
    BREAK           reduce using rule 1 (statements -> stmt .)
    {               reduce using rule 1 (statements -> stmt .)
    ;               reduce using rule 1 (statements -> stmt .)
    PRINT           reduce using rule 1 (statements -> stmt .)
    FOR             reduce using rule 1 (statements -> stmt .)
    WHILE           reduce using rule 1 (statements -> stmt .)
    IF              reduce using rule 1 (statements -> stmt .)
    ID              reduce using rule 1 (statements -> stmt .)
    $end            reduce using rule 1 (statements -> stmt .)
    }               reduce using rule 1 (statements -> stmt .)


state 3

    (3) stmt -> print_stmt .
    RETURN          reduce using rule 3 (stmt -> print_stmt .)
    CONTINUE        reduce using rule 3 (stmt -> print_stmt .)
    BREAK           reduce using rule 3 (stmt -> print_stmt .)
    {               reduce using rule 3 (stmt -> print_stmt .)
    ;               reduce using rule 3 (stmt -> print_stmt .)
    PRINT           reduce using rule 3 (stmt -> print_stmt .)
    FOR             reduce using rule 3 (stmt -> print_stmt .)
    WHILE           reduce using rule 3 (stmt -> print_stmt .)
    IF              reduce using rule 3 (stmt -> print_stmt .)
    ID              reduce using rule 3 (stmt -> print_stmt .)
    $end            reduce using rule 3 (stmt -> print_stmt .)
    }               reduce using rule 3 (stmt -> print_stmt .)
    ELSE            reduce using rule 3 (stmt -> print_stmt .)


state 4

    (4) stmt -> assign_expr .
    RETURN          reduce using rule 4 (stmt -> assign_expr .)
    CONTINUE        reduce using rule 4 (stmt -> assign_expr .)
    BREAK           reduce using rule 4 (stmt -> assign_expr .)
    {               reduce using rule 4 (stmt -> assign_expr .)
    ;               reduce using rule 4 (stmt -> assign_expr .)
    PRINT           reduce using rule 4 (stmt -> assign_expr .)
    FOR             reduce using rule 4 (stmt -> assign_expr .)
    WHILE           reduce using rule 4 (stmt -> assign_expr .)
    IF              reduce using rule 4 (stmt -> assign_expr .)
    ID              reduce using rule 4 (stmt -> assign_expr .)
    $end            reduce using rule 4 (stmt -> assign_expr .)
    }               reduce using rule 4 (stmt -> assign_expr .)
    ELSE            reduce using rule 4 (stmt -> assign_expr .)


state 5

    (5) stmt -> for_stmt .
    RETURN          reduce using rule 5 (stmt -> for_stmt .)
    CONTINUE        reduce using rule 5 (stmt -> for_stmt .)
    BREAK           reduce using rule 5 (stmt -> for_stmt .)
    {               reduce using rule 5 (stmt -> for_stmt .)
    ;               reduce using rule 5 (stmt -> for_stmt .)
    PRINT           reduce using rule 5 (stmt -> for_stmt .)
    FOR             reduce using rule 5 (stmt -> for_stmt .)
    WHILE           reduce using rule 5 (stmt -> for_stmt .)
    IF              reduce using rule 5 (stmt -> for_stmt .)
    ID              reduce using rule 5 (stmt -> for_stmt .)
    $end            reduce using rule 5 (stmt -> for_stmt .)
    }               reduce using rule 5 (stmt -> for_stmt .)
    ELSE            reduce using rule 5 (stmt -> for_stmt .)


state 6

    (6) stmt -> while_stmt .
    RETURN          reduce using rule 6 (stmt -> while_stmt .)
    CONTINUE        reduce using rule 6 (stmt -> while_stmt .)
    BREAK           reduce using rule 6 (stmt -> while_stmt .)
    {               reduce using rule 6 (stmt -> while_stmt .)
    ;               reduce using rule 6 (stmt -> while_stmt .)
    PRINT           reduce using rule 6 (stmt -> while_stmt .)
    FOR             reduce using rule 6 (stmt -> while_stmt .)
    WHILE           reduce using rule 6 (stmt -> while_stmt .)
    IF              reduce using rule 6 (stmt -> while_stmt .)
    ID              reduce using rule 6 (stmt -> while_stmt .)
    $end            reduce using rule 6 (stmt -> while_stmt .)
    }               reduce using rule 6 (stmt -> while_stmt .)
    ELSE            reduce using rule 6 (stmt -> while_stmt .)


state 7

    (7) stmt -> if_stmt .
    RETURN          reduce using rule 7 (stmt -> if_stmt .)
    CONTINUE        reduce using rule 7 (stmt -> if_stmt .)
    BREAK           reduce using rule 7 (stmt -> if_stmt .)
    {               reduce using rule 7 (stmt -> if_stmt .)
    ;               reduce using rule 7 (stmt -> if_stmt .)
    PRINT           reduce using rule 7 (stmt -> if_stmt .)
    FOR             reduce using rule 7 (stmt -> if_stmt .)
    WHILE           reduce using rule 7 (stmt -> if_stmt .)
    IF              reduce using rule 7 (stmt -> if_stmt .)
    ID              reduce using rule 7 (stmt -> if_stmt .)
    $end            reduce using rule 7 (stmt -> if_stmt .)
    }               reduce using rule 7 (stmt -> if_stmt .)
    ELSE            reduce using rule 7 (stmt -> if_stmt .)


state 8

    (8) stmt -> RETURN . expr ;
    (26) expr -> . expr DOTDIV expr
    (27) expr -> . expr DOTMUL expr
    (28) expr -> . expr DOTSUB expr
    (29) expr -> . expr DOTADD expr
    (30) expr -> . expr DIV expr
    (31) expr -> . expr MUL expr
    (32) expr -> . expr SUB expr
    (33) expr -> . expr ADD expr
    (34) expr -> . [ string_of_num ]
    (35) expr -> . [ matrix_rows ]
    (36) expr -> . ( expr )
    (37) expr -> . expr '
    (38) expr -> . SUB expr
    (39) expr -> . matrix_ref
    (40) expr -> . matrix_funcs
    (41) expr -> . relation_expr
    (42) expr -> . assign_expr
    (43) expr -> . value
    (60) matrix_ref -> . ID [ string_of_num ]
    (57) matrix_funcs -> . EYE ( INTNUM )
    (58) matrix_funcs -> . ONES ( INTNUM )
    (59) matrix_funcs -> . ZEROS ( INTNUM )
    (51) relation_expr -> . expr NEQ expr
    (52) relation_expr -> . expr EQ expr
    (53) relation_expr -> . expr GTE expr
    (54) relation_expr -> . expr LTE expr
    (55) relation_expr -> . expr GT expr
    (56) relation_expr -> . expr LT expr
    (44) assign_expr -> . id_ref DIVASSIGN expr ;
    (45) assign_expr -> . id_ref MULASSIGN expr ;
    (46) assign_expr -> . id_ref SUBASSIGN expr ;
    (47) assign_expr -> . id_ref ADDASSIGN expr ;
    (48) assign_expr -> . id_ref = expr ;
    (22) value -> . STRING
    (23) value -> . ID
    (24) value -> . FLOAT
    (25) value -> . INTNUM
    (49) id_ref -> . matrix_ref
    (50) id_ref -> . ID
    [               shift and go to state 23
    (               shift and go to state 24
    SUB             shift and go to state 22
    ID              shift and go to state 30
    EYE             shift and go to state 31
    ONES            shift and go to state 33
    ZEROS           shift and go to state 34
    STRING          shift and go to state 35
    FLOAT           shift and go to state 36
    INTNUM          shift and go to state 32

    expr                           shift and go to state 21
    matrix_ref                     shift and go to state 25
    matrix_funcs                   shift and go to state 26
    relation_expr                  shift and go to state 27
    assign_expr                    shift and go to state 28
    value                          shift and go to state 29
    id_ref                         shift and go to state 14

state 9

    (12) stmt -> ; .
    RETURN          reduce using rule 12 (stmt -> ; .)
    CONTINUE        reduce using rule 12 (stmt -> ; .)
    BREAK           reduce using rule 12 (stmt -> ; .)
    {               reduce using rule 12 (stmt -> ; .)
    ;               reduce using rule 12 (stmt -> ; .)
    PRINT           reduce using rule 12 (stmt -> ; .)
    FOR             reduce using rule 12 (stmt -> ; .)
    WHILE           reduce using rule 12 (stmt -> ; .)
    IF              reduce using rule 12 (stmt -> ; .)
    ID              reduce using rule 12 (stmt -> ; .)
    $end            reduce using rule 12 (stmt -> ; .)
    }               reduce using rule 12 (stmt -> ; .)
    ELSE            reduce using rule 12 (stmt -> ; .)


state 10

    (9) stmt -> CONTINUE . ;
    ;               shift and go to state 37


state 11

    (10) stmt -> BREAK . ;
    ;               shift and go to state 38


state 12

    (11) stmt -> { . statements }
    (1) statements -> . stmt
    (2) statements -> . statements stmt
    (3) stmt -> . print_stmt
    (4) stmt -> . assign_expr
    (5) stmt -> . for_stmt
    (6) stmt -> . while_stmt
    (7) stmt -> . if_stmt
    (8) stmt -> . RETURN expr ;
    (9) stmt -> . CONTINUE ;
    (10) stmt -> . BREAK ;
    (11) stmt -> . { statements }
    (12) stmt -> . ;
    (19) print_stmt -> . PRINT print_rek ;
    (44) assign_expr -> . id_ref DIVASSIGN expr ;
    (45) assign_expr -> . id_ref MULASSIGN expr ;
    (46) assign_expr -> . id_ref SUBASSIGN expr ;
    (47) assign_expr -> . id_ref ADDASSIGN expr ;
    (48) assign_expr -> . id_ref = expr ;
    (16) for_stmt -> . FOR ID = id_int : id_int stmt
    (15) while_stmt -> . WHILE ( relation_expr ) stmt
    (13) if_stmt -> . IF ( relation_expr ) stmt
    (14) if_stmt -> . IF ( relation_expr ) stmt ELSE stmt
    (49) id_ref -> . matrix_ref
    (50) id_ref -> . ID
    (60) matrix_ref -> . ID [ string_of_num ]
    RETURN          shift and go to state 8
    CONTINUE        shift and go to state 10
    BREAK           shift and go to state 11
    {               shift and go to state 12
    ;               shift and go to state 9
    PRINT           shift and go to state 13
    FOR             shift and go to state 15
    WHILE           shift and go to state 17
    IF              shift and go to state 18
    ID              shift and go to state 16

    statements                     shift and go to state 39
    stmt                           shift and go to state 2
    print_stmt                     shift and go to state 3
    assign_expr                    shift and go to state 4
    for_stmt                       shift and go to state 5
    while_stmt                     shift and go to state 6
    if_stmt                        shift and go to state 7
    id_ref                         shift and go to state 14
    matrix_ref                     shift and go to state 19

state 13

    (19) print_stmt -> PRINT . print_rek ;
    (20) print_rek -> . expr
    (21) print_rek -> . print_rek , expr
    (26) expr -> . expr DOTDIV expr
    (27) expr -> . expr DOTMUL expr
    (28) expr -> . expr DOTSUB expr
    (29) expr -> . expr DOTADD expr
    (30) expr -> . expr DIV expr
    (31) expr -> . expr MUL expr
    (32) expr -> . expr SUB expr
    (33) expr -> . expr ADD expr
    (34) expr -> . [ string_of_num ]
    (35) expr -> . [ matrix_rows ]
    (36) expr -> . ( expr )
    (37) expr -> . expr '
    (38) expr -> . SUB expr
    (39) expr -> . matrix_ref
    (40) expr -> . matrix_funcs
    (41) expr -> . relation_expr
    (42) expr -> . assign_expr
    (43) expr -> . value
    (60) matrix_ref -> . ID [ string_of_num ]
    (57) matrix_funcs -> . EYE ( INTNUM )
    (58) matrix_funcs -> . ONES ( INTNUM )
    (59) matrix_funcs -> . ZEROS ( INTNUM )
    (51) relation_expr -> . expr NEQ expr
    (52) relation_expr -> . expr EQ expr
    (53) relation_expr -> . expr GTE expr
    (54) relation_expr -> . expr LTE expr
    (55) relation_expr -> . expr GT expr
    (56) relation_expr -> . expr LT expr
    (44) assign_expr -> . id_ref DIVASSIGN expr ;
    (45) assign_expr -> . id_ref MULASSIGN expr ;
    (46) assign_expr -> . id_ref SUBASSIGN expr ;
    (47) assign_expr -> . id_ref ADDASSIGN expr ;
    (48) assign_expr -> . id_ref = expr ;
    (22) value -> . STRING
    (23) value -> . ID
    (24) value -> . FLOAT
    (25) value -> . INTNUM
    (49) id_ref -> . matrix_ref
    (50) id_ref -> . ID
    [               shift and go to state 23
    (               shift and go to state 24
    SUB             shift and go to state 22
    ID              shift and go to state 30
    EYE             shift and go to state 31
    ONES            shift and go to state 33
    ZEROS           shift and go to state 34
    STRING          shift and go to state 35
    FLOAT           shift and go to state 36
    INTNUM          shift and go to state 32

    print_rek                      shift and go to state 40
    expr                           shift and go to state 41
    matrix_ref                     shift and go to state 25
    matrix_funcs                   shift and go to state 26
    relation_expr                  shift and go to state 27
    assign_expr                    shift and go to state 28
    value                          shift and go to state 29
    id_ref                         shift and go to state 14

state 14

    (44) assign_expr -> id_ref . DIVASSIGN expr ;
    (45) assign_expr -> id_ref . MULASSIGN expr ;
    (46) assign_expr -> id_ref . SUBASSIGN expr ;
    (47) assign_expr -> id_ref . ADDASSIGN expr ;
    (48) assign_expr -> id_ref . = expr ;
    DIVASSIGN       shift and go to state 42
    MULASSIGN       shift and go to state 43
    SUBASSIGN       shift and go to state 44
    ADDASSIGN       shift and go to state 45
    =               shift and go to state 46


state 15

    (16) for_stmt -> FOR . ID = id_int : id_int stmt
    ID              shift and go to state 47


state 16

    (50) id_ref -> ID .
    (60) matrix_ref -> ID . [ string_of_num ]
    DIVASSIGN       reduce using rule 50 (id_ref -> ID .)
    MULASSIGN       reduce using rule 50 (id_ref -> ID .)
    SUBASSIGN       reduce using rule 50 (id_ref -> ID .)
    ADDASSIGN       reduce using rule 50 (id_ref -> ID .)
    =               reduce using rule 50 (id_ref -> ID .)
    [               shift and go to state 48


state 17

    (15) while_stmt -> WHILE . ( relation_expr ) stmt
    (               shift and go to state 49


state 18

    (13) if_stmt -> IF . ( relation_expr ) stmt
    (14) if_stmt -> IF . ( relation_expr ) stmt ELSE stmt
    (               shift and go to state 50


state 19

    (49) id_ref -> matrix_ref .
    DIVASSIGN       reduce using rule 49 (id_ref -> matrix_ref .)
    MULASSIGN       reduce using rule 49 (id_ref -> matrix_ref .)
    SUBASSIGN       reduce using rule 49 (id_ref -> matrix_ref .)
    ADDASSIGN       reduce using rule 49 (id_ref -> matrix_ref .)
    =               reduce using rule 49 (id_ref -> matrix_ref .)


state 20

    (2) statements -> statements stmt .
    RETURN          reduce using rule 2 (statements -> statements stmt .)
    CONTINUE        reduce using rule 2 (statements -> statements stmt .)
    BREAK           reduce using rule 2 (statements -> statements stmt .)
    {               reduce using rule 2 (statements -> statements stmt .)
    ;               reduce using rule 2 (statements -> statements stmt .)
    PRINT           reduce using rule 2 (statements -> statements stmt .)
    FOR             reduce using rule 2 (statements -> statements stmt .)
    WHILE           reduce using rule 2 (statements -> statements stmt .)
    IF              reduce using rule 2 (statements -> statements stmt .)
    ID              reduce using rule 2 (statements -> statements stmt .)
    $end            reduce using rule 2 (statements -> statements stmt .)
    }               reduce using rule 2 (statements -> statements stmt .)


state 21

    (8) stmt -> RETURN expr . ;
    (26) expr -> expr . DOTDIV expr
    (27) expr -> expr . DOTMUL expr
    (28) expr -> expr . DOTSUB expr
    (29) expr -> expr . DOTADD expr
    (30) expr -> expr . DIV expr
    (31) expr -> expr . MUL expr
    (32) expr -> expr . SUB expr
    (33) expr -> expr . ADD expr
    (37) expr -> expr . '
    (51) relation_expr -> expr . NEQ expr
    (52) relation_expr -> expr . EQ expr
    (53) relation_expr -> expr . GTE expr
    (54) relation_expr -> expr . LTE expr
    (55) relation_expr -> expr . GT expr
    (56) relation_expr -> expr . LT expr
    ;               shift and go to state 51
    DOTDIV          shift and go to state 52
    DOTMUL          shift and go to state 53
    DOTSUB          shift and go to state 54
    DOTADD          shift and go to state 55
    DIV             shift and go to state 56
    MUL             shift and go to state 57
    SUB             shift and go to state 58
    ADD             shift and go to state 59
    '               shift and go to state 60
    NEQ             shift and go to state 61
    EQ              shift and go to state 62
    GTE             shift and go to state 63
    LTE             shift and go to state 64
    GT              shift and go to state 65
    LT              shift and go to state 66


state 22

    (38) expr -> SUB . expr
    (26) expr -> . expr DOTDIV expr
    (27) expr -> . expr DOTMUL expr
    (28) expr -> . expr DOTSUB expr
    (29) expr -> . expr DOTADD expr
    (30) expr -> . expr DIV expr
    (31) expr -> . expr MUL expr
    (32) expr -> . expr SUB expr
    (33) expr -> . expr ADD expr
    (34) expr -> . [ string_of_num ]
    (35) expr -> . [ matrix_rows ]
    (36) expr -> . ( expr )
    (37) expr -> . expr '
    (38) expr -> . SUB expr
    (39) expr -> . matrix_ref
    (40) expr -> . matrix_funcs
    (41) expr -> . relation_expr
    (42) expr -> . assign_expr
    (43) expr -> . value
    (60) matrix_ref -> . ID [ string_of_num ]
    (57) matrix_funcs -> . EYE ( INTNUM )
    (58) matrix_funcs -> . ONES ( INTNUM )
    (59) matrix_funcs -> . ZEROS ( INTNUM )
    (51) relation_expr -> . expr NEQ expr
    (52) relation_expr -> . expr EQ expr
    (53) relation_expr -> . expr GTE expr
    (54) relation_expr -> . expr LTE expr
    (55) relation_expr -> . expr GT expr
    (56) relation_expr -> . expr LT expr
    (44) assign_expr -> . id_ref DIVASSIGN expr ;
    (45) assign_expr -> . id_ref MULASSIGN expr ;
    (46) assign_expr -> . id_ref SUBASSIGN expr ;
    (47) assign_expr -> . id_ref ADDASSIGN expr ;
    (48) assign_expr -> . id_ref = expr ;
    (22) value -> . STRING
    (23) value -> . ID
    (24) value -> . FLOAT
    (25) value -> . INTNUM
    (49) id_ref -> . matrix_ref
    (50) id_ref -> . ID
    [               shift and go to state 23
    (               shift and go to state 24
    SUB             shift and go to state 22
    ID              shift and go to state 30
    EYE             shift and go to state 31
    ONES            shift and go to state 33
    ZEROS           shift and go to state 34
    STRING          shift and go to state 35
    FLOAT           shift and go to state 36
    INTNUM          shift and go to state 32

    expr                           shift and go to state 67
    matrix_ref                     shift and go to state 25
    matrix_funcs                   shift and go to state 26
    relation_expr                  shift and go to state 27
    assign_expr                    shift and go to state 28
    value                          shift and go to state 29
    id_ref                         shift and go to state 14

state 23

    (34) expr -> [ . string_of_num ]
    (35) expr -> [ . matrix_rows ]
    (63) string_of_num -> . string_of_num , INTNUM
    (64) string_of_num -> . INTNUM
    (61) matrix_rows -> . matrix_rows , [ string_of_num ]
    (62) matrix_rows -> . [ string_of_num ]
    INTNUM          shift and go to state 71
    [               shift and go to state 68

    string_of_num                  shift and go to state 69
    matrix_rows                    shift and go to state 70

state 24

    (36) expr -> ( . expr )
    (26) expr -> . expr DOTDIV expr
    (27) expr -> . expr DOTMUL expr
    (28) expr -> . expr DOTSUB expr
    (29) expr -> . expr DOTADD expr
    (30) expr -> . expr DIV expr
    (31) expr -> . expr MUL expr
    (32) expr -> . expr SUB expr
    (33) expr -> . expr ADD expr
    (34) expr -> . [ string_of_num ]
    (35) expr -> . [ matrix_rows ]
    (36) expr -> . ( expr )
    (37) expr -> . expr '
    (38) expr -> . SUB expr
    (39) expr -> . matrix_ref
    (40) expr -> . matrix_funcs
    (41) expr -> . relation_expr
    (42) expr -> . assign_expr
    (43) expr -> . value
    (60) matrix_ref -> . ID [ string_of_num ]
    (57) matrix_funcs -> . EYE ( INTNUM )
    (58) matrix_funcs -> . ONES ( INTNUM )
    (59) matrix_funcs -> . ZEROS ( INTNUM )
    (51) relation_expr -> . expr NEQ expr
    (52) relation_expr -> . expr EQ expr
    (53) relation_expr -> . expr GTE expr
    (54) relation_expr -> . expr LTE expr
    (55) relation_expr -> . expr GT expr
    (56) relation_expr -> . expr LT expr
    (44) assign_expr -> . id_ref DIVASSIGN expr ;
    (45) assign_expr -> . id_ref MULASSIGN expr ;
    (46) assign_expr -> . id_ref SUBASSIGN expr ;
    (47) assign_expr -> . id_ref ADDASSIGN expr ;
    (48) assign_expr -> . id_ref = expr ;
    (22) value -> . STRING
    (23) value -> . ID
    (24) value -> . FLOAT
    (25) value -> . INTNUM
    (49) id_ref -> . matrix_ref
    (50) id_ref -> . ID
    [               shift and go to state 23
    (               shift and go to state 24
    SUB             shift and go to state 22
    ID              shift and go to state 30
    EYE             shift and go to state 31
    ONES            shift and go to state 33
    ZEROS           shift and go to state 34
    STRING          shift and go to state 35
    FLOAT           shift and go to state 36
    INTNUM          shift and go to state 32

    expr                           shift and go to state 72
    matrix_ref                     shift and go to state 25
    matrix_funcs                   shift and go to state 26
    relation_expr                  shift and go to state 27
    assign_expr                    shift and go to state 28
    value                          shift and go to state 29
    id_ref                         shift and go to state 14

state 25

    (39) expr -> matrix_ref .
    (49) id_ref -> matrix_ref .
    ;               reduce using rule 39 (expr -> matrix_ref .)
    DOTDIV          reduce using rule 39 (expr -> matrix_ref .)
    DOTMUL          reduce using rule 39 (expr -> matrix_ref .)
    DOTSUB          reduce using rule 39 (expr -> matrix_ref .)
    DOTADD          reduce using rule 39 (expr -> matrix_ref .)
    DIV             reduce using rule 39 (expr -> matrix_ref .)
    MUL             reduce using rule 39 (expr -> matrix_ref .)
    SUB             reduce using rule 39 (expr -> matrix_ref .)
    ADD             reduce using rule 39 (expr -> matrix_ref .)
    '               reduce using rule 39 (expr -> matrix_ref .)
    NEQ             reduce using rule 39 (expr -> matrix_ref .)
    EQ              reduce using rule 39 (expr -> matrix_ref .)
    GTE             reduce using rule 39 (expr -> matrix_ref .)
    LTE             reduce using rule 39 (expr -> matrix_ref .)
    GT              reduce using rule 39 (expr -> matrix_ref .)
    LT              reduce using rule 39 (expr -> matrix_ref .)
    ,               reduce using rule 39 (expr -> matrix_ref .)
    )               reduce using rule 39 (expr -> matrix_ref .)
    DIVASSIGN       reduce using rule 49 (id_ref -> matrix_ref .)
    MULASSIGN       reduce using rule 49 (id_ref -> matrix_ref .)
    SUBASSIGN       reduce using rule 49 (id_ref -> matrix_ref .)
    ADDASSIGN       reduce using rule 49 (id_ref -> matrix_ref .)
    =               reduce using rule 49 (id_ref -> matrix_ref .)


state 26

    (40) expr -> matrix_funcs .
    ;               reduce using rule 40 (expr -> matrix_funcs .)
    DOTDIV          reduce using rule 40 (expr -> matrix_funcs .)
    DOTMUL          reduce using rule 40 (expr -> matrix_funcs .)
    DOTSUB          reduce using rule 40 (expr -> matrix_funcs .)
    DOTADD          reduce using rule 40 (expr -> matrix_funcs .)
    DIV             reduce using rule 40 (expr -> matrix_funcs .)
    MUL             reduce using rule 40 (expr -> matrix_funcs .)
    SUB             reduce using rule 40 (expr -> matrix_funcs .)
    ADD             reduce using rule 40 (expr -> matrix_funcs .)
    '               reduce using rule 40 (expr -> matrix_funcs .)
    NEQ             reduce using rule 40 (expr -> matrix_funcs .)
    EQ              reduce using rule 40 (expr -> matrix_funcs .)
    GTE             reduce using rule 40 (expr -> matrix_funcs .)
    LTE             reduce using rule 40 (expr -> matrix_funcs .)
    GT              reduce using rule 40 (expr -> matrix_funcs .)
    LT              reduce using rule 40 (expr -> matrix_funcs .)
    ,               reduce using rule 40 (expr -> matrix_funcs .)
    )               reduce using rule 40 (expr -> matrix_funcs .)


state 27

    (41) expr -> relation_expr .
    ;               reduce using rule 41 (expr -> relation_expr .)
    DOTDIV          reduce using rule 41 (expr -> relation_expr .)
    DOTMUL          reduce using rule 41 (expr -> relation_expr .)
    DOTSUB          reduce using rule 41 (expr -> relation_expr .)
    DOTADD          reduce using rule 41 (expr -> relation_expr .)
    DIV             reduce using rule 41 (expr -> relation_expr .)
    MUL             reduce using rule 41 (expr -> relation_expr .)
    SUB             reduce using rule 41 (expr -> relation_expr .)
    ADD             reduce using rule 41 (expr -> relation_expr .)
    '               reduce using rule 41 (expr -> relation_expr .)
    NEQ             reduce using rule 41 (expr -> relation_expr .)
    EQ              reduce using rule 41 (expr -> relation_expr .)
    GTE             reduce using rule 41 (expr -> relation_expr .)
    LTE             reduce using rule 41 (expr -> relation_expr .)
    GT              reduce using rule 41 (expr -> relation_expr .)
    LT              reduce using rule 41 (expr -> relation_expr .)
    ,               reduce using rule 41 (expr -> relation_expr .)
    )               reduce using rule 41 (expr -> relation_expr .)


state 28

    (42) expr -> assign_expr .
    ;               reduce using rule 42 (expr -> assign_expr .)
    DOTDIV          reduce using rule 42 (expr -> assign_expr .)
    DOTMUL          reduce using rule 42 (expr -> assign_expr .)
    DOTSUB          reduce using rule 42 (expr -> assign_expr .)
    DOTADD          reduce using rule 42 (expr -> assign_expr .)
    DIV             reduce using rule 42 (expr -> assign_expr .)
    MUL             reduce using rule 42 (expr -> assign_expr .)
    SUB             reduce using rule 42 (expr -> assign_expr .)
    ADD             reduce using rule 42 (expr -> assign_expr .)
    '               reduce using rule 42 (expr -> assign_expr .)
    NEQ             reduce using rule 42 (expr -> assign_expr .)
    EQ              reduce using rule 42 (expr -> assign_expr .)
    GTE             reduce using rule 42 (expr -> assign_expr .)
    LTE             reduce using rule 42 (expr -> assign_expr .)
    GT              reduce using rule 42 (expr -> assign_expr .)
    LT              reduce using rule 42 (expr -> assign_expr .)
    ,               reduce using rule 42 (expr -> assign_expr .)
    )               reduce using rule 42 (expr -> assign_expr .)


state 29

    (43) expr -> value .
    ;               reduce using rule 43 (expr -> value .)
    DOTDIV          reduce using rule 43 (expr -> value .)
    DOTMUL          reduce using rule 43 (expr -> value .)
    DOTSUB          reduce using rule 43 (expr -> value .)
    DOTADD          reduce using rule 43 (expr -> value .)
    DIV             reduce using rule 43 (expr -> value .)
    MUL             reduce using rule 43 (expr -> value .)
    SUB             reduce using rule 43 (expr -> value .)
    ADD             reduce using rule 43 (expr -> value .)
    '               reduce using rule 43 (expr -> value .)
    NEQ             reduce using rule 43 (expr -> value .)
    EQ              reduce using rule 43 (expr -> value .)
    GTE             reduce using rule 43 (expr -> value .)
    LTE             reduce using rule 43 (expr -> value .)
    GT              reduce using rule 43 (expr -> value .)
    LT              reduce using rule 43 (expr -> value .)
    ,               reduce using rule 43 (expr -> value .)
    )               reduce using rule 43 (expr -> value .)


state 30

    (60) matrix_ref -> ID . [ string_of_num ]
    (23) value -> ID .
    (50) id_ref -> ID .
    [               shift and go to state 48
    ;               reduce using rule 23 (value -> ID .)
    DOTDIV          reduce using rule 23 (value -> ID .)
    DOTMUL          reduce using rule 23 (value -> ID .)
    DOTSUB          reduce using rule 23 (value -> ID .)
    DOTADD          reduce using rule 23 (value -> ID .)
    DIV             reduce using rule 23 (value -> ID .)
    MUL             reduce using rule 23 (value -> ID .)
    SUB             reduce using rule 23 (value -> ID .)
    ADD             reduce using rule 23 (value -> ID .)
    '               reduce using rule 23 (value -> ID .)
    NEQ             reduce using rule 23 (value -> ID .)
    EQ              reduce using rule 23 (value -> ID .)
    GTE             reduce using rule 23 (value -> ID .)
    LTE             reduce using rule 23 (value -> ID .)
    GT              reduce using rule 23 (value -> ID .)
    LT              reduce using rule 23 (value -> ID .)
    ,               reduce using rule 23 (value -> ID .)
    )               reduce using rule 23 (value -> ID .)
    DIVASSIGN       reduce using rule 50 (id_ref -> ID .)
    MULASSIGN       reduce using rule 50 (id_ref -> ID .)
    SUBASSIGN       reduce using rule 50 (id_ref -> ID .)
    ADDASSIGN       reduce using rule 50 (id_ref -> ID .)
    =               reduce using rule 50 (id_ref -> ID .)


state 31

    (57) matrix_funcs -> EYE . ( INTNUM )
    (               shift and go to state 73


state 32

    (25) value -> INTNUM .
    ;               reduce using rule 25 (value -> INTNUM .)
    DOTDIV          reduce using rule 25 (value -> INTNUM .)
    DOTMUL          reduce using rule 25 (value -> INTNUM .)
    DOTSUB          reduce using rule 25 (value -> INTNUM .)
    DOTADD          reduce using rule 25 (value -> INTNUM .)
    DIV             reduce using rule 25 (value -> INTNUM .)
    MUL             reduce using rule 25 (value -> INTNUM .)
    SUB             reduce using rule 25 (value -> INTNUM .)
    ADD             reduce using rule 25 (value -> INTNUM .)
    '               reduce using rule 25 (value -> INTNUM .)
    NEQ             reduce using rule 25 (value -> INTNUM .)
    EQ              reduce using rule 25 (value -> INTNUM .)
    GTE             reduce using rule 25 (value -> INTNUM .)
    LTE             reduce using rule 25 (value -> INTNUM .)
    GT              reduce using rule 25 (value -> INTNUM .)
    LT              reduce using rule 25 (value -> INTNUM .)
    ,               reduce using rule 25 (value -> INTNUM .)
    )               reduce using rule 25 (value -> INTNUM .)


state 33

    (58) matrix_funcs -> ONES . ( INTNUM )
    (               shift and go to state 74


state 34

    (59) matrix_funcs -> ZEROS . ( INTNUM )
    (               shift and go to state 75


state 35

    (22) value -> STRING .
    ;               reduce using rule 22 (value -> STRING .)
    DOTDIV          reduce using rule 22 (value -> STRING .)
    DOTMUL          reduce using rule 22 (value -> STRING .)
    DOTSUB          reduce using rule 22 (value -> STRING .)
    DOTADD          reduce using rule 22 (value -> STRING .)
    DIV             reduce using rule 22 (value -> STRING .)
    MUL             reduce using rule 22 (value -> STRING .)
    SUB             reduce using rule 22 (value -> STRING .)
    ADD             reduce using rule 22 (value -> STRING .)
    '               reduce using rule 22 (value -> STRING .)
    NEQ             reduce using rule 22 (value -> STRING .)
    EQ              reduce using rule 22 (value -> STRING .)
    GTE             reduce using rule 22 (value -> STRING .)
    LTE             reduce using rule 22 (value -> STRING .)
    GT              reduce using rule 22 (value -> STRING .)
    LT              reduce using rule 22 (value -> STRING .)
    ,               reduce using rule 22 (value -> STRING .)
    )               reduce using rule 22 (value -> STRING .)


state 36

    (24) value -> FLOAT .
    ;               reduce using rule 24 (value -> FLOAT .)
    DOTDIV          reduce using rule 24 (value -> FLOAT .)
    DOTMUL          reduce using rule 24 (value -> FLOAT .)
    DOTSUB          reduce using rule 24 (value -> FLOAT .)
    DOTADD          reduce using rule 24 (value -> FLOAT .)
    DIV             reduce using rule 24 (value -> FLOAT .)
    MUL             reduce using rule 24 (value -> FLOAT .)
    SUB             reduce using rule 24 (value -> FLOAT .)
    ADD             reduce using rule 24 (value -> FLOAT .)
    '               reduce using rule 24 (value -> FLOAT .)
    NEQ             reduce using rule 24 (value -> FLOAT .)
    EQ              reduce using rule 24 (value -> FLOAT .)
    GTE             reduce using rule 24 (value -> FLOAT .)
    LTE             reduce using rule 24 (value -> FLOAT .)
    GT              reduce using rule 24 (value -> FLOAT .)
    LT              reduce using rule 24 (value -> FLOAT .)
    ,               reduce using rule 24 (value -> FLOAT .)
    )               reduce using rule 24 (value -> FLOAT .)


state 37

    (9) stmt -> CONTINUE ; .
    RETURN          reduce using rule 9 (stmt -> CONTINUE ; .)
    CONTINUE        reduce using rule 9 (stmt -> CONTINUE ; .)
    BREAK           reduce using rule 9 (stmt -> CONTINUE ; .)
    {               reduce using rule 9 (stmt -> CONTINUE ; .)
    ;               reduce using rule 9 (stmt -> CONTINUE ; .)
    PRINT           reduce using rule 9 (stmt -> CONTINUE ; .)
    FOR             reduce using rule 9 (stmt -> CONTINUE ; .)
    WHILE           reduce using rule 9 (stmt -> CONTINUE ; .)
    IF              reduce using rule 9 (stmt -> CONTINUE ; .)
    ID              reduce using rule 9 (stmt -> CONTINUE ; .)
    $end            reduce using rule 9 (stmt -> CONTINUE ; .)
    }               reduce using rule 9 (stmt -> CONTINUE ; .)
    ELSE            reduce using rule 9 (stmt -> CONTINUE ; .)


state 38

    (10) stmt -> BREAK ; .
    RETURN          reduce using rule 10 (stmt -> BREAK ; .)
    CONTINUE        reduce using rule 10 (stmt -> BREAK ; .)
    BREAK           reduce using rule 10 (stmt -> BREAK ; .)
    {               reduce using rule 10 (stmt -> BREAK ; .)
    ;               reduce using rule 10 (stmt -> BREAK ; .)
    PRINT           reduce using rule 10 (stmt -> BREAK ; .)
    FOR             reduce using rule 10 (stmt -> BREAK ; .)
    WHILE           reduce using rule 10 (stmt -> BREAK ; .)
    IF              reduce using rule 10 (stmt -> BREAK ; .)
    ID              reduce using rule 10 (stmt -> BREAK ; .)
    $end            reduce using rule 10 (stmt -> BREAK ; .)
    }               reduce using rule 10 (stmt -> BREAK ; .)
    ELSE            reduce using rule 10 (stmt -> BREAK ; .)


state 39

    (11) stmt -> { statements . }
    (2) statements -> statements . stmt
    (3) stmt -> . print_stmt
    (4) stmt -> . assign_expr
    (5) stmt -> . for_stmt
    (6) stmt -> . while_stmt
    (7) stmt -> . if_stmt
    (8) stmt -> . RETURN expr ;
    (9) stmt -> . CONTINUE ;
    (10) stmt -> . BREAK ;
    (11) stmt -> . { statements }
    (12) stmt -> . ;
    (19) print_stmt -> . PRINT print_rek ;
    (44) assign_expr -> . id_ref DIVASSIGN expr ;
    (45) assign_expr -> . id_ref MULASSIGN expr ;
    (46) assign_expr -> . id_ref SUBASSIGN expr ;
    (47) assign_expr -> . id_ref ADDASSIGN expr ;
    (48) assign_expr -> . id_ref = expr ;
    (16) for_stmt -> . FOR ID = id_int : id_int stmt
    (15) while_stmt -> . WHILE ( relation_expr ) stmt
    (13) if_stmt -> . IF ( relation_expr ) stmt
    (14) if_stmt -> . IF ( relation_expr ) stmt ELSE stmt
    (49) id_ref -> . matrix_ref
    (50) id_ref -> . ID
    (60) matrix_ref -> . ID [ string_of_num ]
    }               shift and go to state 76
    RETURN          shift and go to state 8
    CONTINUE        shift and go to state 10
    BREAK           shift and go to state 11
    {               shift and go to state 12
    ;               shift and go to state 9
    PRINT           shift and go to state 13
    FOR             shift and go to state 15
    WHILE           shift and go to state 17
    IF              shift and go to state 18
    ID              shift and go to state 16

    stmt                           shift and go to state 20
    print_stmt                     shift and go to state 3
    assign_expr                    shift and go to state 4
    for_stmt                       shift and go to state 5
    while_stmt                     shift and go to state 6
    if_stmt                        shift and go to state 7
    id_ref                         shift and go to state 14
    matrix_ref                     shift and go to state 19

state 40

    (19) print_stmt -> PRINT print_rek . ;
    (21) print_rek -> print_rek . , expr
    ;               shift and go to state 77
    ,               shift and go to state 78


state 41

    (20) print_rek -> expr .
    (26) expr -> expr . DOTDIV expr
    (27) expr -> expr . DOTMUL expr
    (28) expr -> expr . DOTSUB expr
    (29) expr -> expr . DOTADD expr
    (30) expr -> expr . DIV expr
    (31) expr -> expr . MUL expr
    (32) expr -> expr . SUB expr
    (33) expr -> expr . ADD expr
    (37) expr -> expr . '
    (51) relation_expr -> expr . NEQ expr
    (52) relation_expr -> expr . EQ expr
    (53) relation_expr -> expr . GTE expr
    (54) relation_expr -> expr . LTE expr
    (55) relation_expr -> expr . GT expr
    (56) relation_expr -> expr . LT expr
    ;               reduce using rule 20 (print_rek -> expr .)
    ,               reduce using rule 20 (print_rek -> expr .)
    DOTDIV          shift and go to state 52
    DOTMUL          shift and go to state 53
    DOTSUB          shift and go to state 54
    DOTADD          shift and go to state 55
    DIV             shift and go to state 56
    MUL             shift and go to state 57
    SUB             shift and go to state 58
    ADD             shift and go to state 59
    '               shift and go to state 60
    NEQ             shift and go to state 61
    EQ              shift and go to state 62
    GTE             shift and go to state 63
    LTE             shift and go to state 64
    GT              shift and go to state 65
    LT              shift and go to state 66


state 42

    (44) assign_expr -> id_ref DIVASSIGN . expr ;
    (26) expr -> . expr DOTDIV expr
    (27) expr -> . expr DOTMUL expr
    (28) expr -> . expr DOTSUB expr
    (29) expr -> . expr DOTADD expr
    (30) expr -> . expr DIV expr
    (31) expr -> . expr MUL expr
    (32) expr -> . expr SUB expr
    (33) expr -> . expr ADD expr
    (34) expr -> . [ string_of_num ]
    (35) expr -> . [ matrix_rows ]
    (36) expr -> . ( expr )
    (37) expr -> . expr '
    (38) expr -> . SUB expr
    (39) expr -> . matrix_ref
    (40) expr -> . matrix_funcs
    (41) expr -> . relation_expr
    (42) expr -> . assign_expr
    (43) expr -> . value
    (60) matrix_ref -> . ID [ string_of_num ]
    (57) matrix_funcs -> . EYE ( INTNUM )
    (58) matrix_funcs -> . ONES ( INTNUM )
    (59) matrix_funcs -> . ZEROS ( INTNUM )
    (51) relation_expr -> . expr NEQ expr
    (52) relation_expr -> . expr EQ expr
    (53) relation_expr -> . expr GTE expr
    (54) relation_expr -> . expr LTE expr
    (55) relation_expr -> . expr GT expr
    (56) relation_expr -> . expr LT expr
    (44) assign_expr -> . id_ref DIVASSIGN expr ;
    (45) assign_expr -> . id_ref MULASSIGN expr ;
    (46) assign_expr -> . id_ref SUBASSIGN expr ;
    (47) assign_expr -> . id_ref ADDASSIGN expr ;
    (48) assign_expr -> . id_ref = expr ;
    (22) value -> . STRING
    (23) value -> . ID
    (24) value -> . FLOAT
    (25) value -> . INTNUM
    (49) id_ref -> . matrix_ref
    (50) id_ref -> . ID
    [               shift and go to state 23
    (               shift and go to state 24
    SUB             shift and go to state 22
    ID              shift and go to state 30
    EYE             shift and go to state 31
    ONES            shift and go to state 33
    ZEROS           shift and go to state 34
    STRING          shift and go to state 35
    FLOAT           shift and go to state 36
    INTNUM          shift and go to state 32

    id_ref                         shift and go to state 14
    expr                           shift and go to state 79
    matrix_ref                     shift and go to state 25
    matrix_funcs                   shift and go to state 26
    relation_expr                  shift and go to state 27
    assign_expr                    shift and go to state 28
    value                          shift and go to state 29

state 43

    (45) assign_expr -> id_ref MULASSIGN . expr ;
    (26) expr -> . expr DOTDIV expr
    (27) expr -> . expr DOTMUL expr
    (28) expr -> . expr DOTSUB expr
    (29) expr -> . expr DOTADD expr
    (30) expr -> . expr DIV expr
    (31) expr -> . expr MUL expr
    (32) expr -> . expr SUB expr
    (33) expr -> . expr ADD expr
    (34) expr -> . [ string_of_num ]
    (35) expr -> . [ matrix_rows ]
    (36) expr -> . ( expr )
    (37) expr -> . expr '
    (38) expr -> . SUB expr
    (39) expr -> . matrix_ref
    (40) expr -> . matrix_funcs
    (41) expr -> . relation_expr
    (42) expr -> . assign_expr
    (43) expr -> . value
    (60) matrix_ref -> . ID [ string_of_num ]
    (57) matrix_funcs -> . EYE ( INTNUM )
    (58) matrix_funcs -> . ONES ( INTNUM )
    (59) matrix_funcs -> . ZEROS ( INTNUM )
    (51) relation_expr -> . expr NEQ expr
    (52) relation_expr -> . expr EQ expr
    (53) relation_expr -> . expr GTE expr
    (54) relation_expr -> . expr LTE expr
    (55) relation_expr -> . expr GT expr
    (56) relation_expr -> . expr LT expr
    (44) assign_expr -> . id_ref DIVASSIGN expr ;
    (45) assign_expr -> . id_ref MULASSIGN expr ;
    (46) assign_expr -> . id_ref SUBASSIGN expr ;
    (47) assign_expr -> . id_ref ADDASSIGN expr ;
    (48) assign_expr -> . id_ref = expr ;
    (22) value -> . STRING
    (23) value -> . ID
    (24) value -> . FLOAT
    (25) value -> . INTNUM
    (49) id_ref -> . matrix_ref
    (50) id_ref -> . ID
    [               shift and go to state 23
    (               shift and go to state 24
    SUB             shift and go to state 22
    ID              shift and go to state 30
    EYE             shift and go to state 31
    ONES            shift and go to state 33
    ZEROS           shift and go to state 34
    STRING          shift and go to state 35
    FLOAT           shift and go to state 36
    INTNUM          shift and go to state 32

    id_ref                         shift and go to state 14
    expr                           shift and go to state 80
    matrix_ref                     shift and go to state 25
    matrix_funcs                   shift and go to state 26
    relation_expr                  shift and go to state 27
    assign_expr                    shift and go to state 28
    value                          shift and go to state 29

state 44

    (46) assign_expr -> id_ref SUBASSIGN . expr ;
    (26) expr -> . expr DOTDIV expr
    (27) expr -> . expr DOTMUL expr
    (28) expr -> . expr DOTSUB expr
    (29) expr -> . expr DOTADD expr
    (30) expr -> . expr DIV expr
    (31) expr -> . expr MUL expr
    (32) expr -> . expr SUB expr
    (33) expr -> . expr ADD expr
    (34) expr -> . [ string_of_num ]
    (35) expr -> . [ matrix_rows ]
    (36) expr -> . ( expr )
    (37) expr -> . expr '
    (38) expr -> . SUB expr
    (39) expr -> . matrix_ref
    (40) expr -> . matrix_funcs
    (41) expr -> . relation_expr
    (42) expr -> . assign_expr
    (43) expr -> . value
    (60) matrix_ref -> . ID [ string_of_num ]
    (57) matrix_funcs -> . EYE ( INTNUM )
    (58) matrix_funcs -> . ONES ( INTNUM )
    (59) matrix_funcs -> . ZEROS ( INTNUM )
    (51) relation_expr -> . expr NEQ expr
    (52) relation_expr -> . expr EQ expr
    (53) relation_expr -> . expr GTE expr
    (54) relation_expr -> . expr LTE expr
    (55) relation_expr -> . expr GT expr
    (56) relation_expr -> . expr LT expr
    (44) assign_expr -> . id_ref DIVASSIGN expr ;
    (45) assign_expr -> . id_ref MULASSIGN expr ;
    (46) assign_expr -> . id_ref SUBASSIGN expr ;
    (47) assign_expr -> . id_ref ADDASSIGN expr ;
    (48) assign_expr -> . id_ref = expr ;
    (22) value -> . STRING
    (23) value -> . ID
    (24) value -> . FLOAT
    (25) value -> . INTNUM
    (49) id_ref -> . matrix_ref
    (50) id_ref -> . ID
    [               shift and go to state 23
    (               shift and go to state 24
    SUB             shift and go to state 22
    ID              shift and go to state 30
    EYE             shift and go to state 31
    ONES            shift and go to state 33
    ZEROS           shift and go to state 34
    STRING          shift and go to state 35
    FLOAT           shift and go to state 36
    INTNUM          shift and go to state 32

    id_ref                         shift and go to state 14
    expr                           shift and go to state 81
    matrix_ref                     shift and go to state 25
    matrix_funcs                   shift and go to state 26
    relation_expr                  shift and go to state 27
    assign_expr                    shift and go to state 28
    value                          shift and go to state 29

state 45

    (47) assign_expr -> id_ref ADDASSIGN . expr ;
    (26) expr -> . expr DOTDIV expr
    (27) expr -> . expr DOTMUL expr
    (28) expr -> . expr DOTSUB expr
    (29) expr -> . expr DOTADD expr
    (30) expr -> . expr DIV expr
    (31) expr -> . expr MUL expr
    (32) expr -> . expr SUB expr
    (33) expr -> . expr ADD expr
    (34) expr -> . [ string_of_num ]
    (35) expr -> . [ matrix_rows ]
    (36) expr -> . ( expr )
    (37) expr -> . expr '
    (38) expr -> . SUB expr
    (39) expr -> . matrix_ref
    (40) expr -> . matrix_funcs
    (41) expr -> . relation_expr
    (42) expr -> . assign_expr
    (43) expr -> . value
    (60) matrix_ref -> . ID [ string_of_num ]
    (57) matrix_funcs -> . EYE ( INTNUM )
    (58) matrix_funcs -> . ONES ( INTNUM )
    (59) matrix_funcs -> . ZEROS ( INTNUM )
    (51) relation_expr -> . expr NEQ expr
    (52) relation_expr -> . expr EQ expr
    (53) relation_expr -> . expr GTE expr
    (54) relation_expr -> . expr LTE expr
    (55) relation_expr -> . expr GT expr
    (56) relation_expr -> . expr LT expr
    (44) assign_expr -> . id_ref DIVASSIGN expr ;
    (45) assign_expr -> . id_ref MULASSIGN expr ;
    (46) assign_expr -> . id_ref SUBASSIGN expr ;
    (47) assign_expr -> . id_ref ADDASSIGN expr ;
    (48) assign_expr -> . id_ref = expr ;
    (22) value -> . STRING
    (23) value -> . ID
    (24) value -> . FLOAT
    (25) value -> . INTNUM
    (49) id_ref -> . matrix_ref
    (50) id_ref -> . ID
    [               shift and go to state 23
    (               shift and go to state 24
    SUB             shift and go to state 22
    ID              shift and go to state 30
    EYE             shift and go to state 31
    ONES            shift and go to state 33
    ZEROS           shift and go to state 34
    STRING          shift and go to state 35
    FLOAT           shift and go to state 36
    INTNUM          shift and go to state 32

    id_ref                         shift and go to state 14
    expr                           shift and go to state 82
    matrix_ref                     shift and go to state 25
    matrix_funcs                   shift and go to state 26
    relation_expr                  shift and go to state 27
    assign_expr                    shift and go to state 28
    value                          shift and go to state 29

state 46

    (48) assign_expr -> id_ref = . expr ;
    (26) expr -> . expr DOTDIV expr
    (27) expr -> . expr DOTMUL expr
    (28) expr -> . expr DOTSUB expr
    (29) expr -> . expr DOTADD expr
    (30) expr -> . expr DIV expr
    (31) expr -> . expr MUL expr
    (32) expr -> . expr SUB expr
    (33) expr -> . expr ADD expr
    (34) expr -> . [ string_of_num ]
    (35) expr -> . [ matrix_rows ]
    (36) expr -> . ( expr )
    (37) expr -> . expr '
    (38) expr -> . SUB expr
    (39) expr -> . matrix_ref
    (40) expr -> . matrix_funcs
    (41) expr -> . relation_expr
    (42) expr -> . assign_expr
    (43) expr -> . value
    (60) matrix_ref -> . ID [ string_of_num ]
    (57) matrix_funcs -> . EYE ( INTNUM )
    (58) matrix_funcs -> . ONES ( INTNUM )
    (59) matrix_funcs -> . ZEROS ( INTNUM )
    (51) relation_expr -> . expr NEQ expr
    (52) relation_expr -> . expr EQ expr
    (53) relation_expr -> . expr GTE expr
    (54) relation_expr -> . expr LTE expr
    (55) relation_expr -> . expr GT expr
    (56) relation_expr -> . expr LT expr
    (44) assign_expr -> . id_ref DIVASSIGN expr ;
    (45) assign_expr -> . id_ref MULASSIGN expr ;
    (46) assign_expr -> . id_ref SUBASSIGN expr ;
    (47) assign_expr -> . id_ref ADDASSIGN expr ;
    (48) assign_expr -> . id_ref = expr ;
    (22) value -> . STRING
    (23) value -> . ID
    (24) value -> . FLOAT
    (25) value -> . INTNUM
    (49) id_ref -> . matrix_ref
    (50) id_ref -> . ID
    [               shift and go to state 23
    (               shift and go to state 24
    SUB             shift and go to state 22
    ID              shift and go to state 30
    EYE             shift and go to state 31
    ONES            shift and go to state 33
    ZEROS           shift and go to state 34
    STRING          shift and go to state 35
    FLOAT           shift and go to state 36
    INTNUM          shift and go to state 32

    id_ref                         shift and go to state 14
    expr                           shift and go to state 83
    matrix_ref                     shift and go to state 25
    matrix_funcs                   shift and go to state 26
    relation_expr                  shift and go to state 27
    assign_expr                    shift and go to state 28
    value                          shift and go to state 29

state 47

    (16) for_stmt -> FOR ID . = id_int : id_int stmt
    =               shift and go to state 84


state 48

    (60) matrix_ref -> ID [ . string_of_num ]
    (63) string_of_num -> . string_of_num , INTNUM
    (64) string_of_num -> . INTNUM
    INTNUM          shift and go to state 71

    string_of_num                  shift and go to state 85

state 49

    (15) while_stmt -> WHILE ( . relation_expr ) stmt
    (51) relation_expr -> . expr NEQ expr
    (52) relation_expr -> . expr EQ expr
    (53) relation_expr -> . expr GTE expr
    (54) relation_expr -> . expr LTE expr
    (55) relation_expr -> . expr GT expr
    (56) relation_expr -> . expr LT expr
    (26) expr -> . expr DOTDIV expr
    (27) expr -> . expr DOTMUL expr
    (28) expr -> . expr DOTSUB expr
    (29) expr -> . expr DOTADD expr
    (30) expr -> . expr DIV expr
    (31) expr -> . expr MUL expr
    (32) expr -> . expr SUB expr
    (33) expr -> . expr ADD expr
    (34) expr -> . [ string_of_num ]
    (35) expr -> . [ matrix_rows ]
    (36) expr -> . ( expr )
    (37) expr -> . expr '
    (38) expr -> . SUB expr
    (39) expr -> . matrix_ref
    (40) expr -> . matrix_funcs
    (41) expr -> . relation_expr
    (42) expr -> . assign_expr
    (43) expr -> . value
    (60) matrix_ref -> . ID [ string_of_num ]
    (57) matrix_funcs -> . EYE ( INTNUM )
    (58) matrix_funcs -> . ONES ( INTNUM )
    (59) matrix_funcs -> . ZEROS ( INTNUM )
    (44) assign_expr -> . id_ref DIVASSIGN expr ;
    (45) assign_expr -> . id_ref MULASSIGN expr ;
    (46) assign_expr -> . id_ref SUBASSIGN expr ;
    (47) assign_expr -> . id_ref ADDASSIGN expr ;
    (48) assign_expr -> . id_ref = expr ;
    (22) value -> . STRING
    (23) value -> . ID
    (24) value -> . FLOAT
    (25) value -> . INTNUM
    (49) id_ref -> . matrix_ref
    (50) id_ref -> . ID
    [               shift and go to state 23
    (               shift and go to state 24
    SUB             shift and go to state 22
    ID              shift and go to state 30
    EYE             shift and go to state 31
    ONES            shift and go to state 33
    ZEROS           shift and go to state 34
    STRING          shift and go to state 35
    FLOAT           shift and go to state 36
    INTNUM          shift and go to state 32

    relation_expr                  shift and go to state 86
    expr                           shift and go to state 87
    matrix_ref                     shift and go to state 25
    matrix_funcs                   shift and go to state 26
    assign_expr                    shift and go to state 28
    value                          shift and go to state 29
    id_ref                         shift and go to state 14

state 50

    (13) if_stmt -> IF ( . relation_expr ) stmt
    (14) if_stmt -> IF ( . relation_expr ) stmt ELSE stmt
    (51) relation_expr -> . expr NEQ expr
    (52) relation_expr -> . expr EQ expr
    (53) relation_expr -> . expr GTE expr
    (54) relation_expr -> . expr LTE expr
    (55) relation_expr -> . expr GT expr
    (56) relation_expr -> . expr LT expr
    (26) expr -> . expr DOTDIV expr
    (27) expr -> . expr DOTMUL expr
    (28) expr -> . expr DOTSUB expr
    (29) expr -> . expr DOTADD expr
    (30) expr -> . expr DIV expr
    (31) expr -> . expr MUL expr
    (32) expr -> . expr SUB expr
    (33) expr -> . expr ADD expr
    (34) expr -> . [ string_of_num ]
    (35) expr -> . [ matrix_rows ]
    (36) expr -> . ( expr )
    (37) expr -> . expr '
    (38) expr -> . SUB expr
    (39) expr -> . matrix_ref
    (40) expr -> . matrix_funcs
    (41) expr -> . relation_expr
    (42) expr -> . assign_expr
    (43) expr -> . value
    (60) matrix_ref -> . ID [ string_of_num ]
    (57) matrix_funcs -> . EYE ( INTNUM )
    (58) matrix_funcs -> . ONES ( INTNUM )
    (59) matrix_funcs -> . ZEROS ( INTNUM )
    (44) assign_expr -> . id_ref DIVASSIGN expr ;
    (45) assign_expr -> . id_ref MULASSIGN expr ;
    (46) assign_expr -> . id_ref SUBASSIGN expr ;
    (47) assign_expr -> . id_ref ADDASSIGN expr ;
    (48) assign_expr -> . id_ref = expr ;
    (22) value -> . STRING
    (23) value -> . ID
    (24) value -> . FLOAT
    (25) value -> . INTNUM
    (49) id_ref -> . matrix_ref
    (50) id_ref -> . ID
    [               shift and go to state 23
    (               shift and go to state 24
    SUB             shift and go to state 22
    ID              shift and go to state 30
    EYE             shift and go to state 31
    ONES            shift and go to state 33
    ZEROS           shift and go to state 34
    STRING          shift and go to state 35
    FLOAT           shift and go to state 36
    INTNUM          shift and go to state 32

    relation_expr                  shift and go to state 88
    expr                           shift and go to state 87
    matrix_ref                     shift and go to state 25
    matrix_funcs                   shift and go to state 26
    assign_expr                    shift and go to state 28
    value                          shift and go to state 29
    id_ref                         shift and go to state 14

state 51

    (8) stmt -> RETURN expr ; .
    RETURN          reduce using rule 8 (stmt -> RETURN expr ; .)
    CONTINUE        reduce using rule 8 (stmt -> RETURN expr ; .)
    BREAK           reduce using rule 8 (stmt -> RETURN expr ; .)
    {               reduce using rule 8 (stmt -> RETURN expr ; .)
    ;               reduce using rule 8 (stmt -> RETURN expr ; .)
    PRINT           reduce using rule 8 (stmt -> RETURN expr ; .)
    FOR             reduce using rule 8 (stmt -> RETURN expr ; .)
    WHILE           reduce using rule 8 (stmt -> RETURN expr ; .)
    IF              reduce using rule 8 (stmt -> RETURN expr ; .)
    ID              reduce using rule 8 (stmt -> RETURN expr ; .)
    $end            reduce using rule 8 (stmt -> RETURN expr ; .)
    }               reduce using rule 8 (stmt -> RETURN expr ; .)
    ELSE            reduce using rule 8 (stmt -> RETURN expr ; .)


state 52

    (26) expr -> expr DOTDIV . expr
    (26) expr -> . expr DOTDIV expr
    (27) expr -> . expr DOTMUL expr
    (28) expr -> . expr DOTSUB expr
    (29) expr -> . expr DOTADD expr
    (30) expr -> . expr DIV expr
    (31) expr -> . expr MUL expr
    (32) expr -> . expr SUB expr
    (33) expr -> . expr ADD expr
    (34) expr -> . [ string_of_num ]
    (35) expr -> . [ matrix_rows ]
    (36) expr -> . ( expr )
    (37) expr -> . expr '
    (38) expr -> . SUB expr
    (39) expr -> . matrix_ref
    (40) expr -> . matrix_funcs
    (41) expr -> . relation_expr
    (42) expr -> . assign_expr
    (43) expr -> . value
    (60) matrix_ref -> . ID [ string_of_num ]
    (57) matrix_funcs -> . EYE ( INTNUM )
    (58) matrix_funcs -> . ONES ( INTNUM )
    (59) matrix_funcs -> . ZEROS ( INTNUM )
    (51) relation_expr -> . expr NEQ expr
    (52) relation_expr -> . expr EQ expr
    (53) relation_expr -> . expr GTE expr
    (54) relation_expr -> . expr LTE expr
    (55) relation_expr -> . expr GT expr
    (56) relation_expr -> . expr LT expr
    (44) assign_expr -> . id_ref DIVASSIGN expr ;
    (45) assign_expr -> . id_ref MULASSIGN expr ;
    (46) assign_expr -> . id_ref SUBASSIGN expr ;
    (47) assign_expr -> . id_ref ADDASSIGN expr ;
    (48) assign_expr -> . id_ref = expr ;
    (22) value -> . STRING
    (23) value -> . ID
    (24) value -> . FLOAT
    (25) value -> . INTNUM
    (49) id_ref -> . matrix_ref
    (50) id_ref -> . ID
    [               shift and go to state 23
    (               shift and go to state 24
    SUB             shift and go to state 22
    ID              shift and go to state 30
    EYE             shift and go to state 31
    ONES            shift and go to state 33
    ZEROS           shift and go to state 34
    STRING          shift and go to state 35
    FLOAT           shift and go to state 36
    INTNUM          shift and go to state 32

    expr                           shift and go to state 89
    matrix_ref                     shift and go to state 25
    matrix_funcs                   shift and go to state 26
    relation_expr                  shift and go to state 27
    assign_expr                    shift and go to state 28
    value                          shift and go to state 29
    id_ref                         shift and go to state 14

state 53

    (27) expr -> expr DOTMUL . expr
    (26) expr -> . expr DOTDIV expr
    (27) expr -> . expr DOTMUL expr
    (28) expr -> . expr DOTSUB expr
    (29) expr -> . expr DOTADD expr
    (30) expr -> . expr DIV expr
    (31) expr -> . expr MUL expr
    (32) expr -> . expr SUB expr
    (33) expr -> . expr ADD expr
    (34) expr -> . [ string_of_num ]
    (35) expr -> . [ matrix_rows ]
    (36) expr -> . ( expr )
    (37) expr -> . expr '
    (38) expr -> . SUB expr
    (39) expr -> . matrix_ref
    (40) expr -> . matrix_funcs
    (41) expr -> . relation_expr
    (42) expr -> . assign_expr
    (43) expr -> . value
    (60) matrix_ref -> . ID [ string_of_num ]
    (57) matrix_funcs -> . EYE ( INTNUM )
    (58) matrix_funcs -> . ONES ( INTNUM )
    (59) matrix_funcs -> . ZEROS ( INTNUM )
    (51) relation_expr -> . expr NEQ expr
    (52) relation_expr -> . expr EQ expr
    (53) relation_expr -> . expr GTE expr
    (54) relation_expr -> . expr LTE expr
    (55) relation_expr -> . expr GT expr
    (56) relation_expr -> . expr LT expr
    (44) assign_expr -> . id_ref DIVASSIGN expr ;
    (45) assign_expr -> . id_ref MULASSIGN expr ;
    (46) assign_expr -> . id_ref SUBASSIGN expr ;
    (47) assign_expr -> . id_ref ADDASSIGN expr ;
    (48) assign_expr -> . id_ref = expr ;
    (22) value -> . STRING
    (23) value -> . ID
    (24) value -> . FLOAT
    (25) value -> . INTNUM
    (49) id_ref -> . matrix_ref
    (50) id_ref -> . ID
    [               shift and go to state 23
    (               shift and go to state 24
    SUB             shift and go to state 22
    ID              shift and go to state 30
    EYE             shift and go to state 31
    ONES            shift and go to state 33
    ZEROS           shift and go to state 34
    STRING          shift and go to state 35
    FLOAT           shift and go to state 36
    INTNUM          shift and go to state 32

    expr                           shift and go to state 90
    matrix_ref                     shift and go to state 25
    matrix_funcs                   shift and go to state 26
    relation_expr                  shift and go to state 27
    assign_expr                    shift and go to state 28
    value                          shift and go to state 29
    id_ref                         shift and go to state 14

state 54

    (28) expr -> expr DOTSUB . expr
    (26) expr -> . expr DOTDIV expr
    (27) expr -> . expr DOTMUL expr
    (28) expr -> . expr DOTSUB expr
    (29) expr -> . expr DOTADD expr
    (30) expr -> . expr DIV expr
    (31) expr -> . expr MUL expr
    (32) expr -> . expr SUB expr
    (33) expr -> . expr ADD expr
    (34) expr -> . [ string_of_num ]
    (35) expr -> . [ matrix_rows ]
    (36) expr -> . ( expr )
    (37) expr -> . expr '
    (38) expr -> . SUB expr
    (39) expr -> . matrix_ref
    (40) expr -> . matrix_funcs
    (41) expr -> . relation_expr
    (42) expr -> . assign_expr
    (43) expr -> . value
    (60) matrix_ref -> . ID [ string_of_num ]
    (57) matrix_funcs -> . EYE ( INTNUM )
    (58) matrix_funcs -> . ONES ( INTNUM )
    (59) matrix_funcs -> . ZEROS ( INTNUM )
    (51) relation_expr -> . expr NEQ expr
    (52) relation_expr -> . expr EQ expr
    (53) relation_expr -> . expr GTE expr
    (54) relation_expr -> . expr LTE expr
    (55) relation_expr -> . expr GT expr
    (56) relation_expr -> . expr LT expr
    (44) assign_expr -> . id_ref DIVASSIGN expr ;
    (45) assign_expr -> . id_ref MULASSIGN expr ;
    (46) assign_expr -> . id_ref SUBASSIGN expr ;
    (47) assign_expr -> . id_ref ADDASSIGN expr ;
    (48) assign_expr -> . id_ref = expr ;
    (22) value -> . STRING
    (23) value -> . ID
    (24) value -> . FLOAT
    (25) value -> . INTNUM
    (49) id_ref -> . matrix_ref
    (50) id_ref -> . ID
    [               shift and go to state 23
    (               shift and go to state 24
    SUB             shift and go to state 22
    ID              shift and go to state 30
    EYE             shift and go to state 31
    ONES            shift and go to state 33
    ZEROS           shift and go to state 34
    STRING          shift and go to state 35
    FLOAT           shift and go to state 36
    INTNUM          shift and go to state 32

    expr                           shift and go to state 91
    matrix_ref                     shift and go to state 25
    matrix_funcs                   shift and go to state 26
    relation_expr                  shift and go to state 27
    assign_expr                    shift and go to state 28
    value                          shift and go to state 29
    id_ref                         shift and go to state 14

state 55

    (29) expr -> expr DOTADD . expr
    (26) expr -> . expr DOTDIV expr
    (27) expr -> . expr DOTMUL expr
    (28) expr -> . expr DOTSUB expr
    (29) expr -> . expr DOTADD expr
    (30) expr -> . expr DIV expr
    (31) expr -> . expr MUL expr
    (32) expr -> . expr SUB expr
    (33) expr -> . expr ADD expr
    (34) expr -> . [ string_of_num ]
    (35) expr -> . [ matrix_rows ]
    (36) expr -> . ( expr )
    (37) expr -> . expr '
    (38) expr -> . SUB expr
    (39) expr -> . matrix_ref
    (40) expr -> . matrix_funcs
    (41) expr -> . relation_expr
    (42) expr -> . assign_expr
    (43) expr -> . value
    (60) matrix_ref -> . ID [ string_of_num ]
    (57) matrix_funcs -> . EYE ( INTNUM )
    (58) matrix_funcs -> . ONES ( INTNUM )
    (59) matrix_funcs -> . ZEROS ( INTNUM )
    (51) relation_expr -> . expr NEQ expr
    (52) relation_expr -> . expr EQ expr
    (53) relation_expr -> . expr GTE expr
    (54) relation_expr -> . expr LTE expr
    (55) relation_expr -> . expr GT expr
    (56) relation_expr -> . expr LT expr
    (44) assign_expr -> . id_ref DIVASSIGN expr ;
    (45) assign_expr -> . id_ref MULASSIGN expr ;
    (46) assign_expr -> . id_ref SUBASSIGN expr ;
    (47) assign_expr -> . id_ref ADDASSIGN expr ;
    (48) assign_expr -> . id_ref = expr ;
    (22) value -> . STRING
    (23) value -> . ID
    (24) value -> . FLOAT
    (25) value -> . INTNUM
    (49) id_ref -> . matrix_ref
    (50) id_ref -> . ID
    [               shift and go to state 23
    (               shift and go to state 24
    SUB             shift and go to state 22
    ID              shift and go to state 30
    EYE             shift and go to state 31
    ONES            shift and go to state 33
    ZEROS           shift and go to state 34
    STRING          shift and go to state 35
    FLOAT           shift and go to state 36
    INTNUM          shift and go to state 32

    expr                           shift and go to state 92
    matrix_ref                     shift and go to state 25
    matrix_funcs                   shift and go to state 26
    relation_expr                  shift and go to state 27
    assign_expr                    shift and go to state 28
    value                          shift and go to state 29
    id_ref                         shift and go to state 14

state 56

    (30) expr -> expr DIV . expr
    (26) expr -> . expr DOTDIV expr
    (27) expr -> . expr DOTMUL expr
    (28) expr -> . expr DOTSUB expr
    (29) expr -> . expr DOTADD expr
    (30) expr -> . expr DIV expr
    (31) expr -> . expr MUL expr
    (32) expr -> . expr SUB expr
    (33) expr -> . expr ADD expr
    (34) expr -> . [ string_of_num ]
    (35) expr -> . [ matrix_rows ]
    (36) expr -> . ( expr )
    (37) expr -> . expr '
    (38) expr -> . SUB expr
    (39) expr -> . matrix_ref
    (40) expr -> . matrix_funcs
    (41) expr -> . relation_expr
    (42) expr -> . assign_expr
    (43) expr -> . value
    (60) matrix_ref -> . ID [ string_of_num ]
    (57) matrix_funcs -> . EYE ( INTNUM )
    (58) matrix_funcs -> . ONES ( INTNUM )
    (59) matrix_funcs -> . ZEROS ( INTNUM )
    (51) relation_expr -> . expr NEQ expr
    (52) relation_expr -> . expr EQ expr
    (53) relation_expr -> . expr GTE expr
    (54) relation_expr -> . expr LTE expr
    (55) relation_expr -> . expr GT expr
    (56) relation_expr -> . expr LT expr
    (44) assign_expr -> . id_ref DIVASSIGN expr ;
    (45) assign_expr -> . id_ref MULASSIGN expr ;
    (46) assign_expr -> . id_ref SUBASSIGN expr ;
    (47) assign_expr -> . id_ref ADDASSIGN expr ;
    (48) assign_expr -> . id_ref = expr ;
    (22) value -> . STRING
    (23) value -> . ID
    (24) value -> . FLOAT
    (25) value -> . INTNUM
    (49) id_ref -> . matrix_ref
    (50) id_ref -> . ID
    [               shift and go to state 23
    (               shift and go to state 24
    SUB             shift and go to state 22
    ID              shift and go to state 30
    EYE             shift and go to state 31
    ONES            shift and go to state 33
    ZEROS           shift and go to state 34
    STRING          shift and go to state 35
    FLOAT           shift and go to state 36
    INTNUM          shift and go to state 32

    expr                           shift and go to state 93
    matrix_ref                     shift and go to state 25
    matrix_funcs                   shift and go to state 26
    relation_expr                  shift and go to state 27
    assign_expr                    shift and go to state 28
    value                          shift and go to state 29
    id_ref                         shift and go to state 14

state 57

    (31) expr -> expr MUL . expr
    (26) expr -> . expr DOTDIV expr
    (27) expr -> . expr DOTMUL expr
    (28) expr -> . expr DOTSUB expr
    (29) expr -> . expr DOTADD expr
    (30) expr -> . expr DIV expr
    (31) expr -> . expr MUL expr
    (32) expr -> . expr SUB expr
    (33) expr -> . expr ADD expr
    (34) expr -> . [ string_of_num ]
    (35) expr -> . [ matrix_rows ]
    (36) expr -> . ( expr )
    (37) expr -> . expr '
    (38) expr -> . SUB expr
    (39) expr -> . matrix_ref
    (40) expr -> . matrix_funcs
    (41) expr -> . relation_expr
    (42) expr -> . assign_expr
    (43) expr -> . value
    (60) matrix_ref -> . ID [ string_of_num ]
    (57) matrix_funcs -> . EYE ( INTNUM )
    (58) matrix_funcs -> . ONES ( INTNUM )
    (59) matrix_funcs -> . ZEROS ( INTNUM )
    (51) relation_expr -> . expr NEQ expr
    (52) relation_expr -> . expr EQ expr
    (53) relation_expr -> . expr GTE expr
    (54) relation_expr -> . expr LTE expr
    (55) relation_expr -> . expr GT expr
    (56) relation_expr -> . expr LT expr
    (44) assign_expr -> . id_ref DIVASSIGN expr ;
    (45) assign_expr -> . id_ref MULASSIGN expr ;
    (46) assign_expr -> . id_ref SUBASSIGN expr ;
    (47) assign_expr -> . id_ref ADDASSIGN expr ;
    (48) assign_expr -> . id_ref = expr ;
    (22) value -> . STRING
    (23) value -> . ID
    (24) value -> . FLOAT
    (25) value -> . INTNUM
    (49) id_ref -> . matrix_ref
    (50) id_ref -> . ID
    [               shift and go to state 23
    (               shift and go to state 24
    SUB             shift and go to state 22
    ID              shift and go to state 30
    EYE             shift and go to state 31
    ONES            shift and go to state 33
    ZEROS           shift and go to state 34
    STRING          shift and go to state 35
    FLOAT           shift and go to state 36
    INTNUM          shift and go to state 32

    expr                           shift and go to state 94
    matrix_ref                     shift and go to state 25
    matrix_funcs                   shift and go to state 26
    relation_expr                  shift and go to state 27
    assign_expr                    shift and go to state 28
    value                          shift and go to state 29
    id_ref                         shift and go to state 14

state 58

    (32) expr -> expr SUB . expr
    (26) expr -> . expr DOTDIV expr
    (27) expr -> . expr DOTMUL expr
    (28) expr -> . expr DOTSUB expr
    (29) expr -> . expr DOTADD expr
    (30) expr -> . expr DIV expr
    (31) expr -> . expr MUL expr
    (32) expr -> . expr SUB expr
    (33) expr -> . expr ADD expr
    (34) expr -> . [ string_of_num ]
    (35) expr -> . [ matrix_rows ]
    (36) expr -> . ( expr )
    (37) expr -> . expr '
    (38) expr -> . SUB expr
    (39) expr -> . matrix_ref
    (40) expr -> . matrix_funcs
    (41) expr -> . relation_expr
    (42) expr -> . assign_expr
    (43) expr -> . value
    (60) matrix_ref -> . ID [ string_of_num ]
    (57) matrix_funcs -> . EYE ( INTNUM )
    (58) matrix_funcs -> . ONES ( INTNUM )
    (59) matrix_funcs -> . ZEROS ( INTNUM )
    (51) relation_expr -> . expr NEQ expr
    (52) relation_expr -> . expr EQ expr
    (53) relation_expr -> . expr GTE expr
    (54) relation_expr -> . expr LTE expr
    (55) relation_expr -> . expr GT expr
    (56) relation_expr -> . expr LT expr
    (44) assign_expr -> . id_ref DIVASSIGN expr ;
    (45) assign_expr -> . id_ref MULASSIGN expr ;
    (46) assign_expr -> . id_ref SUBASSIGN expr ;
    (47) assign_expr -> . id_ref ADDASSIGN expr ;
    (48) assign_expr -> . id_ref = expr ;
    (22) value -> . STRING
    (23) value -> . ID
    (24) value -> . FLOAT
    (25) value -> . INTNUM
    (49) id_ref -> . matrix_ref
    (50) id_ref -> . ID
    [               shift and go to state 23
    (               shift and go to state 24
    SUB             shift and go to state 22
    ID              shift and go to state 30
    EYE             shift and go to state 31
    ONES            shift and go to state 33
    ZEROS           shift and go to state 34
    STRING          shift and go to state 35
    FLOAT           shift and go to state 36
    INTNUM          shift and go to state 32

    expr                           shift and go to state 95
    matrix_ref                     shift and go to state 25
    matrix_funcs                   shift and go to state 26
    relation_expr                  shift and go to state 27
    assign_expr                    shift and go to state 28
    value                          shift and go to state 29
    id_ref                         shift and go to state 14

state 59

    (33) expr -> expr ADD . expr
    (26) expr -> . expr DOTDIV expr
    (27) expr -> . expr DOTMUL expr
    (28) expr -> . expr DOTSUB expr
    (29) expr -> . expr DOTADD expr
    (30) expr -> . expr DIV expr
    (31) expr -> . expr MUL expr
    (32) expr -> . expr SUB expr
    (33) expr -> . expr ADD expr
    (34) expr -> . [ string_of_num ]
    (35) expr -> . [ matrix_rows ]
    (36) expr -> . ( expr )
    (37) expr -> . expr '
    (38) expr -> . SUB expr
    (39) expr -> . matrix_ref
    (40) expr -> . matrix_funcs
    (41) expr -> . relation_expr
    (42) expr -> . assign_expr
    (43) expr -> . value
    (60) matrix_ref -> . ID [ string_of_num ]
    (57) matrix_funcs -> . EYE ( INTNUM )
    (58) matrix_funcs -> . ONES ( INTNUM )
    (59) matrix_funcs -> . ZEROS ( INTNUM )
    (51) relation_expr -> . expr NEQ expr
    (52) relation_expr -> . expr EQ expr
    (53) relation_expr -> . expr GTE expr
    (54) relation_expr -> . expr LTE expr
    (55) relation_expr -> . expr GT expr
    (56) relation_expr -> . expr LT expr
    (44) assign_expr -> . id_ref DIVASSIGN expr ;
    (45) assign_expr -> . id_ref MULASSIGN expr ;
    (46) assign_expr -> . id_ref SUBASSIGN expr ;
    (47) assign_expr -> . id_ref ADDASSIGN expr ;
    (48) assign_expr -> . id_ref = expr ;
    (22) value -> . STRING
    (23) value -> . ID
    (24) value -> . FLOAT
    (25) value -> . INTNUM
    (49) id_ref -> . matrix_ref
    (50) id_ref -> . ID
    [               shift and go to state 23
    (               shift and go to state 24
    SUB             shift and go to state 22
    ID              shift and go to state 30
    EYE             shift and go to state 31
    ONES            shift and go to state 33
    ZEROS           shift and go to state 34
    STRING          shift and go to state 35
    FLOAT           shift and go to state 36
    INTNUM          shift and go to state 32

    expr                           shift and go to state 96
    matrix_ref                     shift and go to state 25
    matrix_funcs                   shift and go to state 26
    relation_expr                  shift and go to state 27
    assign_expr                    shift and go to state 28
    value                          shift and go to state 29
    id_ref                         shift and go to state 14

state 60

    (37) expr -> expr ' .
    ;               reduce using rule 37 (expr -> expr ' .)
    DOTDIV          reduce using rule 37 (expr -> expr ' .)
    DOTMUL          reduce using rule 37 (expr -> expr ' .)
    DOTSUB          reduce using rule 37 (expr -> expr ' .)
    DOTADD          reduce using rule 37 (expr -> expr ' .)
    DIV             reduce using rule 37 (expr -> expr ' .)
    MUL             reduce using rule 37 (expr -> expr ' .)
    SUB             reduce using rule 37 (expr -> expr ' .)
    ADD             reduce using rule 37 (expr -> expr ' .)
    '               reduce using rule 37 (expr -> expr ' .)
    NEQ             reduce using rule 37 (expr -> expr ' .)
    EQ              reduce using rule 37 (expr -> expr ' .)
    GTE             reduce using rule 37 (expr -> expr ' .)
    LTE             reduce using rule 37 (expr -> expr ' .)
    GT              reduce using rule 37 (expr -> expr ' .)
    LT              reduce using rule 37 (expr -> expr ' .)
    ,               reduce using rule 37 (expr -> expr ' .)
    )               reduce using rule 37 (expr -> expr ' .)


state 61

    (51) relation_expr -> expr NEQ . expr
    (26) expr -> . expr DOTDIV expr
    (27) expr -> . expr DOTMUL expr
    (28) expr -> . expr DOTSUB expr
    (29) expr -> . expr DOTADD expr
    (30) expr -> . expr DIV expr
    (31) expr -> . expr MUL expr
    (32) expr -> . expr SUB expr
    (33) expr -> . expr ADD expr
    (34) expr -> . [ string_of_num ]
    (35) expr -> . [ matrix_rows ]
    (36) expr -> . ( expr )
    (37) expr -> . expr '
    (38) expr -> . SUB expr
    (39) expr -> . matrix_ref
    (40) expr -> . matrix_funcs
    (41) expr -> . relation_expr
    (42) expr -> . assign_expr
    (43) expr -> . value
    (60) matrix_ref -> . ID [ string_of_num ]
    (57) matrix_funcs -> . EYE ( INTNUM )
    (58) matrix_funcs -> . ONES ( INTNUM )
    (59) matrix_funcs -> . ZEROS ( INTNUM )
    (51) relation_expr -> . expr NEQ expr
    (52) relation_expr -> . expr EQ expr
    (53) relation_expr -> . expr GTE expr
    (54) relation_expr -> . expr LTE expr
    (55) relation_expr -> . expr GT expr
    (56) relation_expr -> . expr LT expr
    (44) assign_expr -> . id_ref DIVASSIGN expr ;
    (45) assign_expr -> . id_ref MULASSIGN expr ;
    (46) assign_expr -> . id_ref SUBASSIGN expr ;
    (47) assign_expr -> . id_ref ADDASSIGN expr ;
    (48) assign_expr -> . id_ref = expr ;
    (22) value -> . STRING
    (23) value -> . ID
    (24) value -> . FLOAT
    (25) value -> . INTNUM
    (49) id_ref -> . matrix_ref
    (50) id_ref -> . ID
    [               shift and go to state 23
    (               shift and go to state 24
    SUB             shift and go to state 22
    ID              shift and go to state 30
    EYE             shift and go to state 31
    ONES            shift and go to state 33
    ZEROS           shift and go to state 34
    STRING          shift and go to state 35
    FLOAT           shift and go to state 36
    INTNUM          shift and go to state 32

    expr                           shift and go to state 97
    matrix_ref                     shift and go to state 25
    matrix_funcs                   shift and go to state 26
    relation_expr                  shift and go to state 27
    assign_expr                    shift and go to state 28
    value                          shift and go to state 29
    id_ref                         shift and go to state 14

state 62

    (52) relation_expr -> expr EQ . expr
    (26) expr -> . expr DOTDIV expr
    (27) expr -> . expr DOTMUL expr
    (28) expr -> . expr DOTSUB expr
    (29) expr -> . expr DOTADD expr
    (30) expr -> . expr DIV expr
    (31) expr -> . expr MUL expr
    (32) expr -> . expr SUB expr
    (33) expr -> . expr ADD expr
    (34) expr -> . [ string_of_num ]
    (35) expr -> . [ matrix_rows ]
    (36) expr -> . ( expr )
    (37) expr -> . expr '
    (38) expr -> . SUB expr
    (39) expr -> . matrix_ref
    (40) expr -> . matrix_funcs
    (41) expr -> . relation_expr
    (42) expr -> . assign_expr
    (43) expr -> . value
    (60) matrix_ref -> . ID [ string_of_num ]
    (57) matrix_funcs -> . EYE ( INTNUM )
    (58) matrix_funcs -> . ONES ( INTNUM )
    (59) matrix_funcs -> . ZEROS ( INTNUM )
    (51) relation_expr -> . expr NEQ expr
    (52) relation_expr -> . expr EQ expr
    (53) relation_expr -> . expr GTE expr
    (54) relation_expr -> . expr LTE expr
    (55) relation_expr -> . expr GT expr
    (56) relation_expr -> . expr LT expr
    (44) assign_expr -> . id_ref DIVASSIGN expr ;
    (45) assign_expr -> . id_ref MULASSIGN expr ;
    (46) assign_expr -> . id_ref SUBASSIGN expr ;
    (47) assign_expr -> . id_ref ADDASSIGN expr ;
    (48) assign_expr -> . id_ref = expr ;
    (22) value -> . STRING
    (23) value -> . ID
    (24) value -> . FLOAT
    (25) value -> . INTNUM
    (49) id_ref -> . matrix_ref
    (50) id_ref -> . ID
    [               shift and go to state 23
    (               shift and go to state 24
    SUB             shift and go to state 22
    ID              shift and go to state 30
    EYE             shift and go to state 31
    ONES            shift and go to state 33
    ZEROS           shift and go to state 34
    STRING          shift and go to state 35
    FLOAT           shift and go to state 36
    INTNUM          shift and go to state 32

    expr                           shift and go to state 98
    matrix_ref                     shift and go to state 25
    matrix_funcs                   shift and go to state 26
    relation_expr                  shift and go to state 27
    assign_expr                    shift and go to state 28
    value                          shift and go to state 29
    id_ref                         shift and go to state 14

state 63

    (53) relation_expr -> expr GTE . expr
    (26) expr -> . expr DOTDIV expr
    (27) expr -> . expr DOTMUL expr
    (28) expr -> . expr DOTSUB expr
    (29) expr -> . expr DOTADD expr
    (30) expr -> . expr DIV expr
    (31) expr -> . expr MUL expr
    (32) expr -> . expr SUB expr
    (33) expr -> . expr ADD expr
    (34) expr -> . [ string_of_num ]
    (35) expr -> . [ matrix_rows ]
    (36) expr -> . ( expr )
    (37) expr -> . expr '
    (38) expr -> . SUB expr
    (39) expr -> . matrix_ref
    (40) expr -> . matrix_funcs
    (41) expr -> . relation_expr
    (42) expr -> . assign_expr
    (43) expr -> . value
    (60) matrix_ref -> . ID [ string_of_num ]
    (57) matrix_funcs -> . EYE ( INTNUM )
    (58) matrix_funcs -> . ONES ( INTNUM )
    (59) matrix_funcs -> . ZEROS ( INTNUM )
    (51) relation_expr -> . expr NEQ expr
    (52) relation_expr -> . expr EQ expr
    (53) relation_expr -> . expr GTE expr
    (54) relation_expr -> . expr LTE expr
    (55) relation_expr -> . expr GT expr
    (56) relation_expr -> . expr LT expr
    (44) assign_expr -> . id_ref DIVASSIGN expr ;
    (45) assign_expr -> . id_ref MULASSIGN expr ;
    (46) assign_expr -> . id_ref SUBASSIGN expr ;
    (47) assign_expr -> . id_ref ADDASSIGN expr ;
    (48) assign_expr -> . id_ref = expr ;
    (22) value -> . STRING
    (23) value -> . ID
    (24) value -> . FLOAT
    (25) value -> . INTNUM
    (49) id_ref -> . matrix_ref
    (50) id_ref -> . ID
    [               shift and go to state 23
    (               shift and go to state 24
    SUB             shift and go to state 22
    ID              shift and go to state 30
    EYE             shift and go to state 31
    ONES            shift and go to state 33
    ZEROS           shift and go to state 34
    STRING          shift and go to state 35
    FLOAT           shift and go to state 36
    INTNUM          shift and go to state 32

    expr                           shift and go to state 99
    matrix_ref                     shift and go to state 25
    matrix_funcs                   shift and go to state 26
    relation_expr                  shift and go to state 27
    assign_expr                    shift and go to state 28
    value                          shift and go to state 29
    id_ref                         shift and go to state 14

state 64

    (54) relation_expr -> expr LTE . expr
    (26) expr -> . expr DOTDIV expr
    (27) expr -> . expr DOTMUL expr
    (28) expr -> . expr DOTSUB expr
    (29) expr -> . expr DOTADD expr
    (30) expr -> . expr DIV expr
    (31) expr -> . expr MUL expr
    (32) expr -> . expr SUB expr
    (33) expr -> . expr ADD expr
    (34) expr -> . [ string_of_num ]
    (35) expr -> . [ matrix_rows ]
    (36) expr -> . ( expr )
    (37) expr -> . expr '
    (38) expr -> . SUB expr
    (39) expr -> . matrix_ref
    (40) expr -> . matrix_funcs
    (41) expr -> . relation_expr
    (42) expr -> . assign_expr
    (43) expr -> . value
    (60) matrix_ref -> . ID [ string_of_num ]
    (57) matrix_funcs -> . EYE ( INTNUM )
    (58) matrix_funcs -> . ONES ( INTNUM )
    (59) matrix_funcs -> . ZEROS ( INTNUM )
    (51) relation_expr -> . expr NEQ expr
    (52) relation_expr -> . expr EQ expr
    (53) relation_expr -> . expr GTE expr
    (54) relation_expr -> . expr LTE expr
    (55) relation_expr -> . expr GT expr
    (56) relation_expr -> . expr LT expr
    (44) assign_expr -> . id_ref DIVASSIGN expr ;
    (45) assign_expr -> . id_ref MULASSIGN expr ;
    (46) assign_expr -> . id_ref SUBASSIGN expr ;
    (47) assign_expr -> . id_ref ADDASSIGN expr ;
    (48) assign_expr -> . id_ref = expr ;
    (22) value -> . STRING
    (23) value -> . ID
    (24) value -> . FLOAT
    (25) value -> . INTNUM
    (49) id_ref -> . matrix_ref
    (50) id_ref -> . ID
    [               shift and go to state 23
    (               shift and go to state 24
    SUB             shift and go to state 22
    ID              shift and go to state 30
    EYE             shift and go to state 31
    ONES            shift and go to state 33
    ZEROS           shift and go to state 34
    STRING          shift and go to state 35
    FLOAT           shift and go to state 36
    INTNUM          shift and go to state 32

    expr                           shift and go to state 100
    matrix_ref                     shift and go to state 25
    matrix_funcs                   shift and go to state 26
    relation_expr                  shift and go to state 27
    assign_expr                    shift and go to state 28
    value                          shift and go to state 29
    id_ref                         shift and go to state 14

state 65

    (55) relation_expr -> expr GT . expr
    (26) expr -> . expr DOTDIV expr
    (27) expr -> . expr DOTMUL expr
    (28) expr -> . expr DOTSUB expr
    (29) expr -> . expr DOTADD expr
    (30) expr -> . expr DIV expr
    (31) expr -> . expr MUL expr
    (32) expr -> . expr SUB expr
    (33) expr -> . expr ADD expr
    (34) expr -> . [ string_of_num ]
    (35) expr -> . [ matrix_rows ]
    (36) expr -> . ( expr )
    (37) expr -> . expr '
    (38) expr -> . SUB expr
    (39) expr -> . matrix_ref
    (40) expr -> . matrix_funcs
    (41) expr -> . relation_expr
    (42) expr -> . assign_expr
    (43) expr -> . value
    (60) matrix_ref -> . ID [ string_of_num ]
    (57) matrix_funcs -> . EYE ( INTNUM )
    (58) matrix_funcs -> . ONES ( INTNUM )
    (59) matrix_funcs -> . ZEROS ( INTNUM )
    (51) relation_expr -> . expr NEQ expr
    (52) relation_expr -> . expr EQ expr
    (53) relation_expr -> . expr GTE expr
    (54) relation_expr -> . expr LTE expr
    (55) relation_expr -> . expr GT expr
    (56) relation_expr -> . expr LT expr
    (44) assign_expr -> . id_ref DIVASSIGN expr ;
    (45) assign_expr -> . id_ref MULASSIGN expr ;
    (46) assign_expr -> . id_ref SUBASSIGN expr ;
    (47) assign_expr -> . id_ref ADDASSIGN expr ;
    (48) assign_expr -> . id_ref = expr ;
    (22) value -> . STRING
    (23) value -> . ID
    (24) value -> . FLOAT
    (25) value -> . INTNUM
    (49) id_ref -> . matrix_ref
    (50) id_ref -> . ID
    [               shift and go to state 23
    (               shift and go to state 24
    SUB             shift and go to state 22
    ID              shift and go to state 30
    EYE             shift and go to state 31
    ONES            shift and go to state 33
    ZEROS           shift and go to state 34
    STRING          shift and go to state 35
    FLOAT           shift and go to state 36
    INTNUM          shift and go to state 32

    expr                           shift and go to state 101
    matrix_ref                     shift and go to state 25
    matrix_funcs                   shift and go to state 26
    relation_expr                  shift and go to state 27
    assign_expr                    shift and go to state 28
    value                          shift and go to state 29
    id_ref                         shift and go to state 14

state 66

    (56) relation_expr -> expr LT . expr
    (26) expr -> . expr DOTDIV expr
    (27) expr -> . expr DOTMUL expr
    (28) expr -> . expr DOTSUB expr
    (29) expr -> . expr DOTADD expr
    (30) expr -> . expr DIV expr
    (31) expr -> . expr MUL expr
    (32) expr -> . expr SUB expr
    (33) expr -> . expr ADD expr
    (34) expr -> . [ string_of_num ]
    (35) expr -> . [ matrix_rows ]
    (36) expr -> . ( expr )
    (37) expr -> . expr '
    (38) expr -> . SUB expr
    (39) expr -> . matrix_ref
    (40) expr -> . matrix_funcs
    (41) expr -> . relation_expr
    (42) expr -> . assign_expr
    (43) expr -> . value
    (60) matrix_ref -> . ID [ string_of_num ]
    (57) matrix_funcs -> . EYE ( INTNUM )
    (58) matrix_funcs -> . ONES ( INTNUM )
    (59) matrix_funcs -> . ZEROS ( INTNUM )
    (51) relation_expr -> . expr NEQ expr
    (52) relation_expr -> . expr EQ expr
    (53) relation_expr -> . expr GTE expr
    (54) relation_expr -> . expr LTE expr
    (55) relation_expr -> . expr GT expr
    (56) relation_expr -> . expr LT expr
    (44) assign_expr -> . id_ref DIVASSIGN expr ;
    (45) assign_expr -> . id_ref MULASSIGN expr ;
    (46) assign_expr -> . id_ref SUBASSIGN expr ;
    (47) assign_expr -> . id_ref ADDASSIGN expr ;
    (48) assign_expr -> . id_ref = expr ;
    (22) value -> . STRING
    (23) value -> . ID
    (24) value -> . FLOAT
    (25) value -> . INTNUM
    (49) id_ref -> . matrix_ref
    (50) id_ref -> . ID
    [               shift and go to state 23
    (               shift and go to state 24
    SUB             shift and go to state 22
    ID              shift and go to state 30
    EYE             shift and go to state 31
    ONES            shift and go to state 33
    ZEROS           shift and go to state 34
    STRING          shift and go to state 35
    FLOAT           shift and go to state 36
    INTNUM          shift and go to state 32

    expr                           shift and go to state 102
    matrix_ref                     shift and go to state 25
    matrix_funcs                   shift and go to state 26
    relation_expr                  shift and go to state 27
    assign_expr                    shift and go to state 28
    value                          shift and go to state 29
    id_ref                         shift and go to state 14

state 67

    (38) expr -> SUB expr .
    (26) expr -> expr . DOTDIV expr
    (27) expr -> expr . DOTMUL expr
    (28) expr -> expr . DOTSUB expr
    (29) expr -> expr . DOTADD expr
    (30) expr -> expr . DIV expr
    (31) expr -> expr . MUL expr
    (32) expr -> expr . SUB expr
    (33) expr -> expr . ADD expr
    (37) expr -> expr . '
    (51) relation_expr -> expr . NEQ expr
    (52) relation_expr -> expr . EQ expr
    (53) relation_expr -> expr . GTE expr
    (54) relation_expr -> expr . LTE expr
    (55) relation_expr -> expr . GT expr
    (56) relation_expr -> expr . LT expr
    ;               reduce using rule 38 (expr -> SUB expr .)
    DOTDIV          reduce using rule 38 (expr -> SUB expr .)
    DOTMUL          reduce using rule 38 (expr -> SUB expr .)
    DOTSUB          reduce using rule 38 (expr -> SUB expr .)
    DOTADD          reduce using rule 38 (expr -> SUB expr .)
    DIV             reduce using rule 38 (expr -> SUB expr .)
    MUL             reduce using rule 38 (expr -> SUB expr .)
    SUB             reduce using rule 38 (expr -> SUB expr .)
    ADD             reduce using rule 38 (expr -> SUB expr .)
    NEQ             reduce using rule 38 (expr -> SUB expr .)
    EQ              reduce using rule 38 (expr -> SUB expr .)
    GTE             reduce using rule 38 (expr -> SUB expr .)
    LTE             reduce using rule 38 (expr -> SUB expr .)
    GT              reduce using rule 38 (expr -> SUB expr .)
    LT              reduce using rule 38 (expr -> SUB expr .)
    ,               reduce using rule 38 (expr -> SUB expr .)
    )               reduce using rule 38 (expr -> SUB expr .)
    '               shift and go to state 60


state 68

    (62) matrix_rows -> [ . string_of_num ]
    (63) string_of_num -> . string_of_num , INTNUM
    (64) string_of_num -> . INTNUM
    INTNUM          shift and go to state 71

    string_of_num                  shift and go to state 103

state 69

    (34) expr -> [ string_of_num . ]
    (63) string_of_num -> string_of_num . , INTNUM
    ]               shift and go to state 104
    ,               shift and go to state 105


state 70

    (35) expr -> [ matrix_rows . ]
    (61) matrix_rows -> matrix_rows . , [ string_of_num ]
    ]               shift and go to state 106
    ,               shift and go to state 107


state 71

    (64) string_of_num -> INTNUM .
    ]               reduce using rule 64 (string_of_num -> INTNUM .)
    ,               reduce using rule 64 (string_of_num -> INTNUM .)


state 72

    (36) expr -> ( expr . )
    (26) expr -> expr . DOTDIV expr
    (27) expr -> expr . DOTMUL expr
    (28) expr -> expr . DOTSUB expr
    (29) expr -> expr . DOTADD expr
    (30) expr -> expr . DIV expr
    (31) expr -> expr . MUL expr
    (32) expr -> expr . SUB expr
    (33) expr -> expr . ADD expr
    (37) expr -> expr . '
    (51) relation_expr -> expr . NEQ expr
    (52) relation_expr -> expr . EQ expr
    (53) relation_expr -> expr . GTE expr
    (54) relation_expr -> expr . LTE expr
    (55) relation_expr -> expr . GT expr
    (56) relation_expr -> expr . LT expr
    )               shift and go to state 108
    DOTDIV          shift and go to state 52
    DOTMUL          shift and go to state 53
    DOTSUB          shift and go to state 54
    DOTADD          shift and go to state 55
    DIV             shift and go to state 56
    MUL             shift and go to state 57
    SUB             shift and go to state 58
    ADD             shift and go to state 59
    '               shift and go to state 60
    NEQ             shift and go to state 61
    EQ              shift and go to state 62
    GTE             shift and go to state 63
    LTE             shift and go to state 64
    GT              shift and go to state 65
    LT              shift and go to state 66


state 73

    (57) matrix_funcs -> EYE ( . INTNUM )
    INTNUM          shift and go to state 109


state 74

    (58) matrix_funcs -> ONES ( . INTNUM )
    INTNUM          shift and go to state 110


state 75

    (59) matrix_funcs -> ZEROS ( . INTNUM )
    INTNUM          shift and go to state 111


state 76

    (11) stmt -> { statements } .
    RETURN          reduce using rule 11 (stmt -> { statements } .)
    CONTINUE        reduce using rule 11 (stmt -> { statements } .)
    BREAK           reduce using rule 11 (stmt -> { statements } .)
    {               reduce using rule 11 (stmt -> { statements } .)
    ;               reduce using rule 11 (stmt -> { statements } .)
    PRINT           reduce using rule 11 (stmt -> { statements } .)
    FOR             reduce using rule 11 (stmt -> { statements } .)
    WHILE           reduce using rule 11 (stmt -> { statements } .)
    IF              reduce using rule 11 (stmt -> { statements } .)
    ID              reduce using rule 11 (stmt -> { statements } .)
    $end            reduce using rule 11 (stmt -> { statements } .)
    }               reduce using rule 11 (stmt -> { statements } .)
    ELSE            reduce using rule 11 (stmt -> { statements } .)


state 77

    (19) print_stmt -> PRINT print_rek ; .
    RETURN          reduce using rule 19 (print_stmt -> PRINT print_rek ; .)
    CONTINUE        reduce using rule 19 (print_stmt -> PRINT print_rek ; .)
    BREAK           reduce using rule 19 (print_stmt -> PRINT print_rek ; .)
    {               reduce using rule 19 (print_stmt -> PRINT print_rek ; .)
    ;               reduce using rule 19 (print_stmt -> PRINT print_rek ; .)
    PRINT           reduce using rule 19 (print_stmt -> PRINT print_rek ; .)
    FOR             reduce using rule 19 (print_stmt -> PRINT print_rek ; .)
    WHILE           reduce using rule 19 (print_stmt -> PRINT print_rek ; .)
    IF              reduce using rule 19 (print_stmt -> PRINT print_rek ; .)
    ID              reduce using rule 19 (print_stmt -> PRINT print_rek ; .)
    $end            reduce using rule 19 (print_stmt -> PRINT print_rek ; .)
    }               reduce using rule 19 (print_stmt -> PRINT print_rek ; .)
    ELSE            reduce using rule 19 (print_stmt -> PRINT print_rek ; .)


state 78

    (21) print_rek -> print_rek , . expr
    (26) expr -> . expr DOTDIV expr
    (27) expr -> . expr DOTMUL expr
    (28) expr -> . expr DOTSUB expr
    (29) expr -> . expr DOTADD expr
    (30) expr -> . expr DIV expr
    (31) expr -> . expr MUL expr
    (32) expr -> . expr SUB expr
    (33) expr -> . expr ADD expr
    (34) expr -> . [ string_of_num ]
    (35) expr -> . [ matrix_rows ]
    (36) expr -> . ( expr )
    (37) expr -> . expr '
    (38) expr -> . SUB expr
    (39) expr -> . matrix_ref
    (40) expr -> . matrix_funcs
    (41) expr -> . relation_expr
    (42) expr -> . assign_expr
    (43) expr -> . value
    (60) matrix_ref -> . ID [ string_of_num ]
    (57) matrix_funcs -> . EYE ( INTNUM )
    (58) matrix_funcs -> . ONES ( INTNUM )
    (59) matrix_funcs -> . ZEROS ( INTNUM )
    (51) relation_expr -> . expr NEQ expr
    (52) relation_expr -> . expr EQ expr
    (53) relation_expr -> . expr GTE expr
    (54) relation_expr -> . expr LTE expr
    (55) relation_expr -> . expr GT expr
    (56) relation_expr -> . expr LT expr
    (44) assign_expr -> . id_ref DIVASSIGN expr ;
    (45) assign_expr -> . id_ref MULASSIGN expr ;
    (46) assign_expr -> . id_ref SUBASSIGN expr ;
    (47) assign_expr -> . id_ref ADDASSIGN expr ;
    (48) assign_expr -> . id_ref = expr ;
    (22) value -> . STRING
    (23) value -> . ID
    (24) value -> . FLOAT
    (25) value -> . INTNUM
    (49) id_ref -> . matrix_ref
    (50) id_ref -> . ID
    [               shift and go to state 23
    (               shift and go to state 24
    SUB             shift and go to state 22
    ID              shift and go to state 30
    EYE             shift and go to state 31
    ONES            shift and go to state 33
    ZEROS           shift and go to state 34
    STRING          shift and go to state 35
    FLOAT           shift and go to state 36
    INTNUM          shift and go to state 32

    expr                           shift and go to state 112
    matrix_ref                     shift and go to state 25
    matrix_funcs                   shift and go to state 26
    relation_expr                  shift and go to state 27
    assign_expr                    shift and go to state 28
    value                          shift and go to state 29
    id_ref                         shift and go to state 14

state 79

    (44) assign_expr -> id_ref DIVASSIGN expr . ;
    (26) expr -> expr . DOTDIV expr
    (27) expr -> expr . DOTMUL expr
    (28) expr -> expr . DOTSUB expr
    (29) expr -> expr . DOTADD expr
    (30) expr -> expr . DIV expr
    (31) expr -> expr . MUL expr
    (32) expr -> expr . SUB expr
    (33) expr -> expr . ADD expr
    (37) expr -> expr . '
    (51) relation_expr -> expr . NEQ expr
    (52) relation_expr -> expr . EQ expr
    (53) relation_expr -> expr . GTE expr
    (54) relation_expr -> expr . LTE expr
    (55) relation_expr -> expr . GT expr
    (56) relation_expr -> expr . LT expr
    ;               shift and go to state 113
    DOTDIV          shift and go to state 52
    DOTMUL          shift and go to state 53
    DOTSUB          shift and go to state 54
    DOTADD          shift and go to state 55
    DIV             shift and go to state 56
    MUL             shift and go to state 57
    SUB             shift and go to state 58
    ADD             shift and go to state 59
    '               shift and go to state 60
    NEQ             shift and go to state 61
    EQ              shift and go to state 62
    GTE             shift and go to state 63
    LTE             shift and go to state 64
    GT              shift and go to state 65
    LT              shift and go to state 66


state 80

    (45) assign_expr -> id_ref MULASSIGN expr . ;
    (26) expr -> expr . DOTDIV expr
    (27) expr -> expr . DOTMUL expr
    (28) expr -> expr . DOTSUB expr
    (29) expr -> expr . DOTADD expr
    (30) expr -> expr . DIV expr
    (31) expr -> expr . MUL expr
    (32) expr -> expr . SUB expr
    (33) expr -> expr . ADD expr
    (37) expr -> expr . '
    (51) relation_expr -> expr . NEQ expr
    (52) relation_expr -> expr . EQ expr
    (53) relation_expr -> expr . GTE expr
    (54) relation_expr -> expr . LTE expr
    (55) relation_expr -> expr . GT expr
    (56) relation_expr -> expr . LT expr
    ;               shift and go to state 114
    DOTDIV          shift and go to state 52
    DOTMUL          shift and go to state 53
    DOTSUB          shift and go to state 54
    DOTADD          shift and go to state 55
    DIV             shift and go to state 56
    MUL             shift and go to state 57
    SUB             shift and go to state 58
    ADD             shift and go to state 59
    '               shift and go to state 60
    NEQ             shift and go to state 61
    EQ              shift and go to state 62
    GTE             shift and go to state 63
    LTE             shift and go to state 64
    GT              shift and go to state 65
    LT              shift and go to state 66


state 81

    (46) assign_expr -> id_ref SUBASSIGN expr . ;
    (26) expr -> expr . DOTDIV expr
    (27) expr -> expr . DOTMUL expr
    (28) expr -> expr . DOTSUB expr
    (29) expr -> expr . DOTADD expr
    (30) expr -> expr . DIV expr
    (31) expr -> expr . MUL expr
    (32) expr -> expr . SUB expr
    (33) expr -> expr . ADD expr
    (37) expr -> expr . '
    (51) relation_expr -> expr . NEQ expr
    (52) relation_expr -> expr . EQ expr
    (53) relation_expr -> expr . GTE expr
    (54) relation_expr -> expr . LTE expr
    (55) relation_expr -> expr . GT expr
    (56) relation_expr -> expr . LT expr
    ;               shift and go to state 115
    DOTDIV          shift and go to state 52
    DOTMUL          shift and go to state 53
    DOTSUB          shift and go to state 54
    DOTADD          shift and go to state 55
    DIV             shift and go to state 56
    MUL             shift and go to state 57
    SUB             shift and go to state 58
    ADD             shift and go to state 59
    '               shift and go to state 60
    NEQ             shift and go to state 61
    EQ              shift and go to state 62
    GTE             shift and go to state 63
    LTE             shift and go to state 64
    GT              shift and go to state 65
    LT              shift and go to state 66


state 82

    (47) assign_expr -> id_ref ADDASSIGN expr . ;
    (26) expr -> expr . DOTDIV expr
    (27) expr -> expr . DOTMUL expr
    (28) expr -> expr . DOTSUB expr
    (29) expr -> expr . DOTADD expr
    (30) expr -> expr . DIV expr
    (31) expr -> expr . MUL expr
    (32) expr -> expr . SUB expr
    (33) expr -> expr . ADD expr
    (37) expr -> expr . '
    (51) relation_expr -> expr . NEQ expr
    (52) relation_expr -> expr . EQ expr
    (53) relation_expr -> expr . GTE expr
    (54) relation_expr -> expr . LTE expr
    (55) relation_expr -> expr . GT expr
    (56) relation_expr -> expr . LT expr
    ;               shift and go to state 116
    DOTDIV          shift and go to state 52
    DOTMUL          shift and go to state 53
    DOTSUB          shift and go to state 54
    DOTADD          shift and go to state 55
    DIV             shift and go to state 56
    MUL             shift and go to state 57
    SUB             shift and go to state 58
    ADD             shift and go to state 59
    '               shift and go to state 60
    NEQ             shift and go to state 61
    EQ              shift and go to state 62
    GTE             shift and go to state 63
    LTE             shift and go to state 64
    GT              shift and go to state 65
    LT              shift and go to state 66


state 83

    (48) assign_expr -> id_ref = expr . ;
    (26) expr -> expr . DOTDIV expr
    (27) expr -> expr . DOTMUL expr
    (28) expr -> expr . DOTSUB expr
    (29) expr -> expr . DOTADD expr
    (30) expr -> expr . DIV expr
    (31) expr -> expr . MUL expr
    (32) expr -> expr . SUB expr
    (33) expr -> expr . ADD expr
    (37) expr -> expr . '
    (51) relation_expr -> expr . NEQ expr
    (52) relation_expr -> expr . EQ expr
    (53) relation_expr -> expr . GTE expr
    (54) relation_expr -> expr . LTE expr
    (55) relation_expr -> expr . GT expr
    (56) relation_expr -> expr . LT expr
    ;               shift and go to state 117
    DOTDIV          shift and go to state 52
    DOTMUL          shift and go to state 53
    DOTSUB          shift and go to state 54
    DOTADD          shift and go to state 55
    DIV             shift and go to state 56
    MUL             shift and go to state 57
    SUB             shift and go to state 58
    ADD             shift and go to state 59
    '               shift and go to state 60
    NEQ             shift and go to state 61
    EQ              shift and go to state 62
    GTE             shift and go to state 63
    LTE             shift and go to state 64
    GT              shift and go to state 65
    LT              shift and go to state 66


state 84

    (16) for_stmt -> FOR ID = . id_int : id_int stmt
    (17) id_int -> . INTNUM
    (18) id_int -> . ID
    INTNUM          shift and go to state 120
    ID              shift and go to state 118

    id_int                         shift and go to state 119

state 85

    (60) matrix_ref -> ID [ string_of_num . ]
    (63) string_of_num -> string_of_num . , INTNUM
    ]               shift and go to state 121
    ,               shift and go to state 105


state 86

    (15) while_stmt -> WHILE ( relation_expr . ) stmt
    (41) expr -> relation_expr .
    )               shift and go to state 122
    NEQ             reduce using rule 41 (expr -> relation_expr .)
    EQ              reduce using rule 41 (expr -> relation_expr .)
    GTE             reduce using rule 41 (expr -> relation_expr .)
    LTE             reduce using rule 41 (expr -> relation_expr .)
    GT              reduce using rule 41 (expr -> relation_expr .)
    LT              reduce using rule 41 (expr -> relation_expr .)
    DOTDIV          reduce using rule 41 (expr -> relation_expr .)
    DOTMUL          reduce using rule 41 (expr -> relation_expr .)
    DOTSUB          reduce using rule 41 (expr -> relation_expr .)
    DOTADD          reduce using rule 41 (expr -> relation_expr .)
    DIV             reduce using rule 41 (expr -> relation_expr .)
    MUL             reduce using rule 41 (expr -> relation_expr .)
    SUB             reduce using rule 41 (expr -> relation_expr .)
    ADD             reduce using rule 41 (expr -> relation_expr .)
    '               reduce using rule 41 (expr -> relation_expr .)


state 87

    (51) relation_expr -> expr . NEQ expr
    (52) relation_expr -> expr . EQ expr
    (53) relation_expr -> expr . GTE expr
    (54) relation_expr -> expr . LTE expr
    (55) relation_expr -> expr . GT expr
    (56) relation_expr -> expr . LT expr
    (26) expr -> expr . DOTDIV expr
    (27) expr -> expr . DOTMUL expr
    (28) expr -> expr . DOTSUB expr
    (29) expr -> expr . DOTADD expr
    (30) expr -> expr . DIV expr
    (31) expr -> expr . MUL expr
    (32) expr -> expr . SUB expr
    (33) expr -> expr . ADD expr
    (37) expr -> expr . '
    NEQ             shift and go to state 61
    EQ              shift and go to state 62
    GTE             shift and go to state 63
    LTE             shift and go to state 64
    GT              shift and go to state 65
    LT              shift and go to state 66
    DOTDIV          shift and go to state 52
    DOTMUL          shift and go to state 53
    DOTSUB          shift and go to state 54
    DOTADD          shift and go to state 55
    DIV             shift and go to state 56
    MUL             shift and go to state 57
    SUB             shift and go to state 58
    ADD             shift and go to state 59
    '               shift and go to state 60


state 88

    (13) if_stmt -> IF ( relation_expr . ) stmt
    (14) if_stmt -> IF ( relation_expr . ) stmt ELSE stmt
    (41) expr -> relation_expr .
    )               shift and go to state 123
    NEQ             reduce using rule 41 (expr -> relation_expr .)
    EQ              reduce using rule 41 (expr -> relation_expr .)
    GTE             reduce using rule 41 (expr -> relation_expr .)
    LTE             reduce using rule 41 (expr -> relation_expr .)
    GT              reduce using rule 41 (expr -> relation_expr .)
    LT              reduce using rule 41 (expr -> relation_expr .)
    DOTDIV          reduce using rule 41 (expr -> relation_expr .)
    DOTMUL          reduce using rule 41 (expr -> relation_expr .)
    DOTSUB          reduce using rule 41 (expr -> relation_expr .)
    DOTADD          reduce using rule 41 (expr -> relation_expr .)
    DIV             reduce using rule 41 (expr -> relation_expr .)
    MUL             reduce using rule 41 (expr -> relation_expr .)
    SUB             reduce using rule 41 (expr -> relation_expr .)
    ADD             reduce using rule 41 (expr -> relation_expr .)
    '               reduce using rule 41 (expr -> relation_expr .)


state 89

    (26) expr -> expr DOTDIV expr .
    (26) expr -> expr . DOTDIV expr
    (27) expr -> expr . DOTMUL expr
    (28) expr -> expr . DOTSUB expr
    (29) expr -> expr . DOTADD expr
    (30) expr -> expr . DIV expr
    (31) expr -> expr . MUL expr
    (32) expr -> expr . SUB expr
    (33) expr -> expr . ADD expr
    (37) expr -> expr . '
    (51) relation_expr -> expr . NEQ expr
    (52) relation_expr -> expr . EQ expr
    (53) relation_expr -> expr . GTE expr
    (54) relation_expr -> expr . LTE expr
    (55) relation_expr -> expr . GT expr
    (56) relation_expr -> expr . LT expr
    ;               reduce using rule 26 (expr -> expr DOTDIV expr .)
    DOTDIV          reduce using rule 26 (expr -> expr DOTDIV expr .)
    DOTMUL          reduce using rule 26 (expr -> expr DOTDIV expr .)
    DOTSUB          reduce using rule 26 (expr -> expr DOTDIV expr .)
    DOTADD          reduce using rule 26 (expr -> expr DOTDIV expr .)
    DIV             reduce using rule 26 (expr -> expr DOTDIV expr .)
    MUL             reduce using rule 26 (expr -> expr DOTDIV expr .)
    SUB             reduce using rule 26 (expr -> expr DOTDIV expr .)
    ADD             reduce using rule 26 (expr -> expr DOTDIV expr .)
    NEQ             reduce using rule 26 (expr -> expr DOTDIV expr .)
    EQ              reduce using rule 26 (expr -> expr DOTDIV expr .)
    GTE             reduce using rule 26 (expr -> expr DOTDIV expr .)
    LTE             reduce using rule 26 (expr -> expr DOTDIV expr .)
    GT              reduce using rule 26 (expr -> expr DOTDIV expr .)
    LT              reduce using rule 26 (expr -> expr DOTDIV expr .)
    ,               reduce using rule 26 (expr -> expr DOTDIV expr .)
    )               reduce using rule 26 (expr -> expr DOTDIV expr .)
    '               shift and go to state 60


state 90

    (27) expr -> expr DOTMUL expr .
    (26) expr -> expr . DOTDIV expr
    (27) expr -> expr . DOTMUL expr
    (28) expr -> expr . DOTSUB expr
    (29) expr -> expr . DOTADD expr
    (30) expr -> expr . DIV expr
    (31) expr -> expr . MUL expr
    (32) expr -> expr . SUB expr
    (33) expr -> expr . ADD expr
    (37) expr -> expr . '
    (51) relation_expr -> expr . NEQ expr
    (52) relation_expr -> expr . EQ expr
    (53) relation_expr -> expr . GTE expr
    (54) relation_expr -> expr . LTE expr
    (55) relation_expr -> expr . GT expr
    (56) relation_expr -> expr . LT expr
    ;               reduce using rule 27 (expr -> expr DOTMUL expr .)
    DOTDIV          reduce using rule 27 (expr -> expr DOTMUL expr .)
    DOTMUL          reduce using rule 27 (expr -> expr DOTMUL expr .)
    DOTSUB          reduce using rule 27 (expr -> expr DOTMUL expr .)
    DOTADD          reduce using rule 27 (expr -> expr DOTMUL expr .)
    DIV             reduce using rule 27 (expr -> expr DOTMUL expr .)
    MUL             reduce using rule 27 (expr -> expr DOTMUL expr .)
    SUB             reduce using rule 27 (expr -> expr DOTMUL expr .)
    ADD             reduce using rule 27 (expr -> expr DOTMUL expr .)
    NEQ             reduce using rule 27 (expr -> expr DOTMUL expr .)
    EQ              reduce using rule 27 (expr -> expr DOTMUL expr .)
    GTE             reduce using rule 27 (expr -> expr DOTMUL expr .)
    LTE             reduce using rule 27 (expr -> expr DOTMUL expr .)
    GT              reduce using rule 27 (expr -> expr DOTMUL expr .)
    LT              reduce using rule 27 (expr -> expr DOTMUL expr .)
    ,               reduce using rule 27 (expr -> expr DOTMUL expr .)
    )               reduce using rule 27 (expr -> expr DOTMUL expr .)
    '               shift and go to state 60


state 91

    (28) expr -> expr DOTSUB expr .
    (26) expr -> expr . DOTDIV expr
    (27) expr -> expr . DOTMUL expr
    (28) expr -> expr . DOTSUB expr
    (29) expr -> expr . DOTADD expr
    (30) expr -> expr . DIV expr
    (31) expr -> expr . MUL expr
    (32) expr -> expr . SUB expr
    (33) expr -> expr . ADD expr
    (37) expr -> expr . '
    (51) relation_expr -> expr . NEQ expr
    (52) relation_expr -> expr . EQ expr
    (53) relation_expr -> expr . GTE expr
    (54) relation_expr -> expr . LTE expr
    (55) relation_expr -> expr . GT expr
    (56) relation_expr -> expr . LT expr
    ;               reduce using rule 28 (expr -> expr DOTSUB expr .)
    DOTSUB          reduce using rule 28 (expr -> expr DOTSUB expr .)
    DOTADD          reduce using rule 28 (expr -> expr DOTSUB expr .)
    SUB             reduce using rule 28 (expr -> expr DOTSUB expr .)
    ADD             reduce using rule 28 (expr -> expr DOTSUB expr .)
    NEQ             reduce using rule 28 (expr -> expr DOTSUB expr .)
    EQ              reduce using rule 28 (expr -> expr DOTSUB expr .)
    GTE             reduce using rule 28 (expr -> expr DOTSUB expr .)
    LTE             reduce using rule 28 (expr -> expr DOTSUB expr .)
    GT              reduce using rule 28 (expr -> expr DOTSUB expr .)
    LT              reduce using rule 28 (expr -> expr DOTSUB expr .)
    ,               reduce using rule 28 (expr -> expr DOTSUB expr .)
    )               reduce using rule 28 (expr -> expr DOTSUB expr .)
    DOTDIV          shift and go to state 52
    DOTMUL          shift and go to state 53
    DIV             shift and go to state 56
    MUL             shift and go to state 57
    '               shift and go to state 60


state 92

    (29) expr -> expr DOTADD expr .
    (26) expr -> expr . DOTDIV expr
    (27) expr -> expr . DOTMUL expr
    (28) expr -> expr . DOTSUB expr
    (29) expr -> expr . DOTADD expr
    (30) expr -> expr . DIV expr
    (31) expr -> expr . MUL expr
    (32) expr -> expr . SUB expr
    (33) expr -> expr . ADD expr
    (37) expr -> expr . '
    (51) relation_expr -> expr . NEQ expr
    (52) relation_expr -> expr . EQ expr
    (53) relation_expr -> expr . GTE expr
    (54) relation_expr -> expr . LTE expr
    (55) relation_expr -> expr . GT expr
    (56) relation_expr -> expr . LT expr
    ;               reduce using rule 29 (expr -> expr DOTADD expr .)
    DOTSUB          reduce using rule 29 (expr -> expr DOTADD expr .)
    DOTADD          reduce using rule 29 (expr -> expr DOTADD expr .)
    SUB             reduce using rule 29 (expr -> expr DOTADD expr .)
    ADD             reduce using rule 29 (expr -> expr DOTADD expr .)
    NEQ             reduce using rule 29 (expr -> expr DOTADD expr .)
    EQ              reduce using rule 29 (expr -> expr DOTADD expr .)
    GTE             reduce using rule 29 (expr -> expr DOTADD expr .)
    LTE             reduce using rule 29 (expr -> expr DOTADD expr .)
    GT              reduce using rule 29 (expr -> expr DOTADD expr .)
    LT              reduce using rule 29 (expr -> expr DOTADD expr .)
    ,               reduce using rule 29 (expr -> expr DOTADD expr .)
    )               reduce using rule 29 (expr -> expr DOTADD expr .)
    DOTDIV          shift and go to state 52
    DOTMUL          shift and go to state 53
    DIV             shift and go to state 56
    MUL             shift and go to state 57
    '               shift and go to state 60


state 93

    (30) expr -> expr DIV expr .
    (26) expr -> expr . DOTDIV expr
    (27) expr -> expr . DOTMUL expr
    (28) expr -> expr . DOTSUB expr
    (29) expr -> expr . DOTADD expr
    (30) expr -> expr . DIV expr
    (31) expr -> expr . MUL expr
    (32) expr -> expr . SUB expr
    (33) expr -> expr . ADD expr
    (37) expr -> expr . '
    (51) relation_expr -> expr . NEQ expr
    (52) relation_expr -> expr . EQ expr
    (53) relation_expr -> expr . GTE expr
    (54) relation_expr -> expr . LTE expr
    (55) relation_expr -> expr . GT expr
    (56) relation_expr -> expr . LT expr
    ;               reduce using rule 30 (expr -> expr DIV expr .)
    DOTDIV          reduce using rule 30 (expr -> expr DIV expr .)
    DOTMUL          reduce using rule 30 (expr -> expr DIV expr .)
    DOTSUB          reduce using rule 30 (expr -> expr DIV expr .)
    DOTADD          reduce using rule 30 (expr -> expr DIV expr .)
    DIV             reduce using rule 30 (expr -> expr DIV expr .)
    MUL             reduce using rule 30 (expr -> expr DIV expr .)
    SUB             reduce using rule 30 (expr -> expr DIV expr .)
    ADD             reduce using rule 30 (expr -> expr DIV expr .)
    NEQ             reduce using rule 30 (expr -> expr DIV expr .)
    EQ              reduce using rule 30 (expr -> expr DIV expr .)
    GTE             reduce using rule 30 (expr -> expr DIV expr .)
    LTE             reduce using rule 30 (expr -> expr DIV expr .)
    GT              reduce using rule 30 (expr -> expr DIV expr .)
    LT              reduce using rule 30 (expr -> expr DIV expr .)
    ,               reduce using rule 30 (expr -> expr DIV expr .)
    )               reduce using rule 30 (expr -> expr DIV expr .)
    '               shift and go to state 60


state 94

    (31) expr -> expr MUL expr .
    (26) expr -> expr . DOTDIV expr
    (27) expr -> expr . DOTMUL expr
    (28) expr -> expr . DOTSUB expr
    (29) expr -> expr . DOTADD expr
    (30) expr -> expr . DIV expr
    (31) expr -> expr . MUL expr
    (32) expr -> expr . SUB expr
    (33) expr -> expr . ADD expr
    (37) expr -> expr . '
    (51) relation_expr -> expr . NEQ expr
    (52) relation_expr -> expr . EQ expr
    (53) relation_expr -> expr . GTE expr
    (54) relation_expr -> expr . LTE expr
    (55) relation_expr -> expr . GT expr
    (56) relation_expr -> expr . LT expr
    ;               reduce using rule 31 (expr -> expr MUL expr .)
    DOTDIV          reduce using rule 31 (expr -> expr MUL expr .)
    DOTMUL          reduce using rule 31 (expr -> expr MUL expr .)
    DOTSUB          reduce using rule 31 (expr -> expr MUL expr .)
    DOTADD          reduce using rule 31 (expr -> expr MUL expr .)
    DIV             reduce using rule 31 (expr -> expr MUL expr .)
    MUL             reduce using rule 31 (expr -> expr MUL expr .)
    SUB             reduce using rule 31 (expr -> expr MUL expr .)
    ADD             reduce using rule 31 (expr -> expr MUL expr .)
    NEQ             reduce using rule 31 (expr -> expr MUL expr .)
    EQ              reduce using rule 31 (expr -> expr MUL expr .)
    GTE             reduce using rule 31 (expr -> expr MUL expr .)
    LTE             reduce using rule 31 (expr -> expr MUL expr .)
    GT              reduce using rule 31 (expr -> expr MUL expr .)
    LT              reduce using rule 31 (expr -> expr MUL expr .)
    ,               reduce using rule 31 (expr -> expr MUL expr .)
    )               reduce using rule 31 (expr -> expr MUL expr .)
    '               shift and go to state 60


state 95

    (32) expr -> expr SUB expr .
    (26) expr -> expr . DOTDIV expr
    (27) expr -> expr . DOTMUL expr
    (28) expr -> expr . DOTSUB expr
    (29) expr -> expr . DOTADD expr
    (30) expr -> expr . DIV expr
    (31) expr -> expr . MUL expr
    (32) expr -> expr . SUB expr
    (33) expr -> expr . ADD expr
    (37) expr -> expr . '
    (51) relation_expr -> expr . NEQ expr
    (52) relation_expr -> expr . EQ expr
    (53) relation_expr -> expr . GTE expr
    (54) relation_expr -> expr . LTE expr
    (55) relation_expr -> expr . GT expr
    (56) relation_expr -> expr . LT expr
    ;               reduce using rule 32 (expr -> expr SUB expr .)
    DOTSUB          reduce using rule 32 (expr -> expr SUB expr .)
    DOTADD          reduce using rule 32 (expr -> expr SUB expr .)
    SUB             reduce using rule 32 (expr -> expr SUB expr .)
    ADD             reduce using rule 32 (expr -> expr SUB expr .)
    NEQ             reduce using rule 32 (expr -> expr SUB expr .)
    EQ              reduce using rule 32 (expr -> expr SUB expr .)
    GTE             reduce using rule 32 (expr -> expr SUB expr .)
    LTE             reduce using rule 32 (expr -> expr SUB expr .)
    GT              reduce using rule 32 (expr -> expr SUB expr .)
    LT              reduce using rule 32 (expr -> expr SUB expr .)
    ,               reduce using rule 32 (expr -> expr SUB expr .)
    )               reduce using rule 32 (expr -> expr SUB expr .)
    DOTDIV          shift and go to state 52
    DOTMUL          shift and go to state 53
    DIV             shift and go to state 56
    MUL             shift and go to state 57
    '               shift and go to state 60


state 96

    (33) expr -> expr ADD expr .
    (26) expr -> expr . DOTDIV expr
    (27) expr -> expr . DOTMUL expr
    (28) expr -> expr . DOTSUB expr
    (29) expr -> expr . DOTADD expr
    (30) expr -> expr . DIV expr
    (31) expr -> expr . MUL expr
    (32) expr -> expr . SUB expr
    (33) expr -> expr . ADD expr
    (37) expr -> expr . '
    (51) relation_expr -> expr . NEQ expr
    (52) relation_expr -> expr . EQ expr
    (53) relation_expr -> expr . GTE expr
    (54) relation_expr -> expr . LTE expr
    (55) relation_expr -> expr . GT expr
    (56) relation_expr -> expr . LT expr
    ;               reduce using rule 33 (expr -> expr ADD expr .)
    DOTSUB          reduce using rule 33 (expr -> expr ADD expr .)
    DOTADD          reduce using rule 33 (expr -> expr ADD expr .)
    SUB             reduce using rule 33 (expr -> expr ADD expr .)
    ADD             reduce using rule 33 (expr -> expr ADD expr .)
    NEQ             reduce using rule 33 (expr -> expr ADD expr .)
    EQ              reduce using rule 33 (expr -> expr ADD expr .)
    GTE             reduce using rule 33 (expr -> expr ADD expr .)
    LTE             reduce using rule 33 (expr -> expr ADD expr .)
    GT              reduce using rule 33 (expr -> expr ADD expr .)
    LT              reduce using rule 33 (expr -> expr ADD expr .)
    ,               reduce using rule 33 (expr -> expr ADD expr .)
    )               reduce using rule 33 (expr -> expr ADD expr .)
    DOTDIV          shift and go to state 52
    DOTMUL          shift and go to state 53
    DIV             shift and go to state 56
    MUL             shift and go to state 57
    '               shift and go to state 60


state 97

    (51) relation_expr -> expr NEQ expr .
    (26) expr -> expr . DOTDIV expr
    (27) expr -> expr . DOTMUL expr
    (28) expr -> expr . DOTSUB expr
    (29) expr -> expr . DOTADD expr
    (30) expr -> expr . DIV expr
    (31) expr -> expr . MUL expr
    (32) expr -> expr . SUB expr
    (33) expr -> expr . ADD expr
    (37) expr -> expr . '
    (51) relation_expr -> expr . NEQ expr
    (52) relation_expr -> expr . EQ expr
    (53) relation_expr -> expr . GTE expr
    (54) relation_expr -> expr . LTE expr
    (55) relation_expr -> expr . GT expr
    (56) relation_expr -> expr . LT expr
    ;               reduce using rule 51 (relation_expr -> expr NEQ expr .)
    NEQ             reduce using rule 51 (relation_expr -> expr NEQ expr .)
    EQ              reduce using rule 51 (relation_expr -> expr NEQ expr .)
    GTE             reduce using rule 51 (relation_expr -> expr NEQ expr .)
    LTE             reduce using rule 51 (relation_expr -> expr NEQ expr .)
    GT              reduce using rule 51 (relation_expr -> expr NEQ expr .)
    LT              reduce using rule 51 (relation_expr -> expr NEQ expr .)
    ,               reduce using rule 51 (relation_expr -> expr NEQ expr .)
    )               reduce using rule 51 (relation_expr -> expr NEQ expr .)
    DOTDIV          shift and go to state 52
    DOTMUL          shift and go to state 53
    DOTSUB          shift and go to state 54
    DOTADD          shift and go to state 55
    DIV             shift and go to state 56
    MUL             shift and go to state 57
    SUB             shift and go to state 58
    ADD             shift and go to state 59
    '               shift and go to state 60


state 98

    (52) relation_expr -> expr EQ expr .
    (26) expr -> expr . DOTDIV expr
    (27) expr -> expr . DOTMUL expr
    (28) expr -> expr . DOTSUB expr
    (29) expr -> expr . DOTADD expr
    (30) expr -> expr . DIV expr
    (31) expr -> expr . MUL expr
    (32) expr -> expr . SUB expr
    (33) expr -> expr . ADD expr
    (37) expr -> expr . '
    (51) relation_expr -> expr . NEQ expr
    (52) relation_expr -> expr . EQ expr
    (53) relation_expr -> expr . GTE expr
    (54) relation_expr -> expr . LTE expr
    (55) relation_expr -> expr . GT expr
    (56) relation_expr -> expr . LT expr
    ;               reduce using rule 52 (relation_expr -> expr EQ expr .)
    NEQ             reduce using rule 52 (relation_expr -> expr EQ expr .)
    EQ              reduce using rule 52 (relation_expr -> expr EQ expr .)
    GTE             reduce using rule 52 (relation_expr -> expr EQ expr .)
    LTE             reduce using rule 52 (relation_expr -> expr EQ expr .)
    GT              reduce using rule 52 (relation_expr -> expr EQ expr .)
    LT              reduce using rule 52 (relation_expr -> expr EQ expr .)
    ,               reduce using rule 52 (relation_expr -> expr EQ expr .)
    )               reduce using rule 52 (relation_expr -> expr EQ expr .)
    DOTDIV          shift and go to state 52
    DOTMUL          shift and go to state 53
    DOTSUB          shift and go to state 54
    DOTADD          shift and go to state 55
    DIV             shift and go to state 56
    MUL             shift and go to state 57
    SUB             shift and go to state 58
    ADD             shift and go to state 59
    '               shift and go to state 60


state 99

    (53) relation_expr -> expr GTE expr .
    (26) expr -> expr . DOTDIV expr
    (27) expr -> expr . DOTMUL expr
    (28) expr -> expr . DOTSUB expr
    (29) expr -> expr . DOTADD expr
    (30) expr -> expr . DIV expr
    (31) expr -> expr . MUL expr
    (32) expr -> expr . SUB expr
    (33) expr -> expr . ADD expr
    (37) expr -> expr . '
    (51) relation_expr -> expr . NEQ expr
    (52) relation_expr -> expr . EQ expr
    (53) relation_expr -> expr . GTE expr
    (54) relation_expr -> expr . LTE expr
    (55) relation_expr -> expr . GT expr
    (56) relation_expr -> expr . LT expr
    ;               reduce using rule 53 (relation_expr -> expr GTE expr .)
    NEQ             reduce using rule 53 (relation_expr -> expr GTE expr .)
    EQ              reduce using rule 53 (relation_expr -> expr GTE expr .)
    GTE             reduce using rule 53 (relation_expr -> expr GTE expr .)
    LTE             reduce using rule 53 (relation_expr -> expr GTE expr .)
    GT              reduce using rule 53 (relation_expr -> expr GTE expr .)
    LT              reduce using rule 53 (relation_expr -> expr GTE expr .)
    ,               reduce using rule 53 (relation_expr -> expr GTE expr .)
    )               reduce using rule 53 (relation_expr -> expr GTE expr .)
    DOTDIV          shift and go to state 52
    DOTMUL          shift and go to state 53
    DOTSUB          shift and go to state 54
    DOTADD          shift and go to state 55
    DIV             shift and go to state 56
    MUL             shift and go to state 57
    SUB             shift and go to state 58
    ADD             shift and go to state 59
    '               shift and go to state 60


state 100

    (54) relation_expr -> expr LTE expr .
    (26) expr -> expr . DOTDIV expr
    (27) expr -> expr . DOTMUL expr
    (28) expr -> expr . DOTSUB expr
    (29) expr -> expr . DOTADD expr
    (30) expr -> expr . DIV expr
    (31) expr -> expr . MUL expr
    (32) expr -> expr . SUB expr
    (33) expr -> expr . ADD expr
    (37) expr -> expr . '
    (51) relation_expr -> expr . NEQ expr
    (52) relation_expr -> expr . EQ expr
    (53) relation_expr -> expr . GTE expr
    (54) relation_expr -> expr . LTE expr
    (55) relation_expr -> expr . GT expr
    (56) relation_expr -> expr . LT expr
    ;               reduce using rule 54 (relation_expr -> expr LTE expr .)
    NEQ             reduce using rule 54 (relation_expr -> expr LTE expr .)
    EQ              reduce using rule 54 (relation_expr -> expr LTE expr .)
    GTE             reduce using rule 54 (relation_expr -> expr LTE expr .)
    LTE             reduce using rule 54 (relation_expr -> expr LTE expr .)
    GT              reduce using rule 54 (relation_expr -> expr LTE expr .)
    LT              reduce using rule 54 (relation_expr -> expr LTE expr .)
    ,               reduce using rule 54 (relation_expr -> expr LTE expr .)
    )               reduce using rule 54 (relation_expr -> expr LTE expr .)
    DOTDIV          shift and go to state 52
    DOTMUL          shift and go to state 53
    DOTSUB          shift and go to state 54
    DOTADD          shift and go to state 55
    DIV             shift and go to state 56
    MUL             shift and go to state 57
    SUB             shift and go to state 58
    ADD             shift and go to state 59
    '               shift and go to state 60


state 101

    (55) relation_expr -> expr GT expr .
    (26) expr -> expr . DOTDIV expr
    (27) expr -> expr . DOTMUL expr
    (28) expr -> expr . DOTSUB expr
    (29) expr -> expr . DOTADD expr
    (30) expr -> expr . DIV expr
    (31) expr -> expr . MUL expr
    (32) expr -> expr . SUB expr
    (33) expr -> expr . ADD expr
    (37) expr -> expr . '
    (51) relation_expr -> expr . NEQ expr
    (52) relation_expr -> expr . EQ expr
    (53) relation_expr -> expr . GTE expr
    (54) relation_expr -> expr . LTE expr
    (55) relation_expr -> expr . GT expr
    (56) relation_expr -> expr . LT expr
    ;               reduce using rule 55 (relation_expr -> expr GT expr .)
    NEQ             reduce using rule 55 (relation_expr -> expr GT expr .)
    EQ              reduce using rule 55 (relation_expr -> expr GT expr .)
    GTE             reduce using rule 55 (relation_expr -> expr GT expr .)
    LTE             reduce using rule 55 (relation_expr -> expr GT expr .)
    GT              reduce using rule 55 (relation_expr -> expr GT expr .)
    LT              reduce using rule 55 (relation_expr -> expr GT expr .)
    ,               reduce using rule 55 (relation_expr -> expr GT expr .)
    )               reduce using rule 55 (relation_expr -> expr GT expr .)
    DOTDIV          shift and go to state 52
    DOTMUL          shift and go to state 53
    DOTSUB          shift and go to state 54
    DOTADD          shift and go to state 55
    DIV             shift and go to state 56
    MUL             shift and go to state 57
    SUB             shift and go to state 58
    ADD             shift and go to state 59
    '               shift and go to state 60


state 102

    (56) relation_expr -> expr LT expr .
    (26) expr -> expr . DOTDIV expr
    (27) expr -> expr . DOTMUL expr
    (28) expr -> expr . DOTSUB expr
    (29) expr -> expr . DOTADD expr
    (30) expr -> expr . DIV expr
    (31) expr -> expr . MUL expr
    (32) expr -> expr . SUB expr
    (33) expr -> expr . ADD expr
    (37) expr -> expr . '
    (51) relation_expr -> expr . NEQ expr
    (52) relation_expr -> expr . EQ expr
    (53) relation_expr -> expr . GTE expr
    (54) relation_expr -> expr . LTE expr
    (55) relation_expr -> expr . GT expr
    (56) relation_expr -> expr . LT expr
    ;               reduce using rule 56 (relation_expr -> expr LT expr .)
    NEQ             reduce using rule 56 (relation_expr -> expr LT expr .)
    EQ              reduce using rule 56 (relation_expr -> expr LT expr .)
    GTE             reduce using rule 56 (relation_expr -> expr LT expr .)
    LTE             reduce using rule 56 (relation_expr -> expr LT expr .)
    GT              reduce using rule 56 (relation_expr -> expr LT expr .)
    LT              reduce using rule 56 (relation_expr -> expr LT expr .)
    ,               reduce using rule 56 (relation_expr -> expr LT expr .)
    )               reduce using rule 56 (relation_expr -> expr LT expr .)
    DOTDIV          shift and go to state 52
    DOTMUL          shift and go to state 53
    DOTSUB          shift and go to state 54
    DOTADD          shift and go to state 55
    DIV             shift and go to state 56
    MUL             shift and go to state 57
    SUB             shift and go to state 58
    ADD             shift and go to state 59
    '               shift and go to state 60


state 103

    (62) matrix_rows -> [ string_of_num . ]
    (63) string_of_num -> string_of_num . , INTNUM
    ]               shift and go to state 124
    ,               shift and go to state 105


state 104

    (34) expr -> [ string_of_num ] .
    ;               reduce using rule 34 (expr -> [ string_of_num ] .)
    DOTDIV          reduce using rule 34 (expr -> [ string_of_num ] .)
    DOTMUL          reduce using rule 34 (expr -> [ string_of_num ] .)
    DOTSUB          reduce using rule 34 (expr -> [ string_of_num ] .)
    DOTADD          reduce using rule 34 (expr -> [ string_of_num ] .)
    DIV             reduce using rule 34 (expr -> [ string_of_num ] .)
    MUL             reduce using rule 34 (expr -> [ string_of_num ] .)
    SUB             reduce using rule 34 (expr -> [ string_of_num ] .)
    ADD             reduce using rule 34 (expr -> [ string_of_num ] .)
    '               reduce using rule 34 (expr -> [ string_of_num ] .)
    NEQ             reduce using rule 34 (expr -> [ string_of_num ] .)
    EQ              reduce using rule 34 (expr -> [ string_of_num ] .)
    GTE             reduce using rule 34 (expr -> [ string_of_num ] .)
    LTE             reduce using rule 34 (expr -> [ string_of_num ] .)
    GT              reduce using rule 34 (expr -> [ string_of_num ] .)
    LT              reduce using rule 34 (expr -> [ string_of_num ] .)
    ,               reduce using rule 34 (expr -> [ string_of_num ] .)
    )               reduce using rule 34 (expr -> [ string_of_num ] .)


state 105

    (63) string_of_num -> string_of_num , . INTNUM
    INTNUM          shift and go to state 125


state 106

    (35) expr -> [ matrix_rows ] .
    ;               reduce using rule 35 (expr -> [ matrix_rows ] .)
    DOTDIV          reduce using rule 35 (expr -> [ matrix_rows ] .)
    DOTMUL          reduce using rule 35 (expr -> [ matrix_rows ] .)
    DOTSUB          reduce using rule 35 (expr -> [ matrix_rows ] .)
    DOTADD          reduce using rule 35 (expr -> [ matrix_rows ] .)
    DIV             reduce using rule 35 (expr -> [ matrix_rows ] .)
    MUL             reduce using rule 35 (expr -> [ matrix_rows ] .)
    SUB             reduce using rule 35 (expr -> [ matrix_rows ] .)
    ADD             reduce using rule 35 (expr -> [ matrix_rows ] .)
    '               reduce using rule 35 (expr -> [ matrix_rows ] .)
    NEQ             reduce using rule 35 (expr -> [ matrix_rows ] .)
    EQ              reduce using rule 35 (expr -> [ matrix_rows ] .)
    GTE             reduce using rule 35 (expr -> [ matrix_rows ] .)
    LTE             reduce using rule 35 (expr -> [ matrix_rows ] .)
    GT              reduce using rule 35 (expr -> [ matrix_rows ] .)
    LT              reduce using rule 35 (expr -> [ matrix_rows ] .)
    ,               reduce using rule 35 (expr -> [ matrix_rows ] .)
    )               reduce using rule 35 (expr -> [ matrix_rows ] .)


state 107

    (61) matrix_rows -> matrix_rows , . [ string_of_num ]
    [               shift and go to state 126


state 108

    (36) expr -> ( expr ) .
    ;               reduce using rule 36 (expr -> ( expr ) .)
    DOTDIV          reduce using rule 36 (expr -> ( expr ) .)
    DOTMUL          reduce using rule 36 (expr -> ( expr ) .)
    DOTSUB          reduce using rule 36 (expr -> ( expr ) .)
    DOTADD          reduce using rule 36 (expr -> ( expr ) .)
    DIV             reduce using rule 36 (expr -> ( expr ) .)
    MUL             reduce using rule 36 (expr -> ( expr ) .)
    SUB             reduce using rule 36 (expr -> ( expr ) .)
    ADD             reduce using rule 36 (expr -> ( expr ) .)
    '               reduce using rule 36 (expr -> ( expr ) .)
    NEQ             reduce using rule 36 (expr -> ( expr ) .)
    EQ              reduce using rule 36 (expr -> ( expr ) .)
    GTE             reduce using rule 36 (expr -> ( expr ) .)
    LTE             reduce using rule 36 (expr -> ( expr ) .)
    GT              reduce using rule 36 (expr -> ( expr ) .)
    LT              reduce using rule 36 (expr -> ( expr ) .)
    ,               reduce using rule 36 (expr -> ( expr ) .)
    )               reduce using rule 36 (expr -> ( expr ) .)


state 109

    (57) matrix_funcs -> EYE ( INTNUM . )
    )               shift and go to state 127


state 110

    (58) matrix_funcs -> ONES ( INTNUM . )
    )               shift and go to state 128


state 111

    (59) matrix_funcs -> ZEROS ( INTNUM . )
    )               shift and go to state 129


state 112

    (21) print_rek -> print_rek , expr .
    (26) expr -> expr . DOTDIV expr
    (27) expr -> expr . DOTMUL expr
    (28) expr -> expr . DOTSUB expr
    (29) expr -> expr . DOTADD expr
    (30) expr -> expr . DIV expr
    (31) expr -> expr . MUL expr
    (32) expr -> expr . SUB expr
    (33) expr -> expr . ADD expr
    (37) expr -> expr . '
    (51) relation_expr -> expr . NEQ expr
    (52) relation_expr -> expr . EQ expr
    (53) relation_expr -> expr . GTE expr
    (54) relation_expr -> expr . LTE expr
    (55) relation_expr -> expr . GT expr
    (56) relation_expr -> expr . LT expr
    ;               reduce using rule 21 (print_rek -> print_rek , expr .)
    ,               reduce using rule 21 (print_rek -> print_rek , expr .)
    DOTDIV          shift and go to state 52
    DOTMUL          shift and go to state 53
    DOTSUB          shift and go to state 54
    DOTADD          shift and go to state 55
    DIV             shift and go to state 56
    MUL             shift and go to state 57
    SUB             shift and go to state 58
    ADD             shift and go to state 59
    '               shift and go to state 60
    NEQ             shift and go to state 61
    EQ              shift and go to state 62
    GTE             shift and go to state 63
    LTE             shift and go to state 64
    GT              shift and go to state 65
    LT              shift and go to state 66


state 113

    (44) assign_expr -> id_ref DIVASSIGN expr ; .
    RETURN          reduce using rule 44 (assign_expr -> id_ref DIVASSIGN expr ; .)
    CONTINUE        reduce using rule 44 (assign_expr -> id_ref DIVASSIGN expr ; .)
    BREAK           reduce using rule 44 (assign_expr -> id_ref DIVASSIGN expr ; .)
    {               reduce using rule 44 (assign_expr -> id_ref DIVASSIGN expr ; .)
    ;               reduce using rule 44 (assign_expr -> id_ref DIVASSIGN expr ; .)
    PRINT           reduce using rule 44 (assign_expr -> id_ref DIVASSIGN expr ; .)
    FOR             reduce using rule 44 (assign_expr -> id_ref DIVASSIGN expr ; .)
    WHILE           reduce using rule 44 (assign_expr -> id_ref DIVASSIGN expr ; .)
    IF              reduce using rule 44 (assign_expr -> id_ref DIVASSIGN expr ; .)
    ID              reduce using rule 44 (assign_expr -> id_ref DIVASSIGN expr ; .)
    $end            reduce using rule 44 (assign_expr -> id_ref DIVASSIGN expr ; .)
    DOTDIV          reduce using rule 44 (assign_expr -> id_ref DIVASSIGN expr ; .)
    DOTMUL          reduce using rule 44 (assign_expr -> id_ref DIVASSIGN expr ; .)
    DOTSUB          reduce using rule 44 (assign_expr -> id_ref DIVASSIGN expr ; .)
    DOTADD          reduce using rule 44 (assign_expr -> id_ref DIVASSIGN expr ; .)
    DIV             reduce using rule 44 (assign_expr -> id_ref DIVASSIGN expr ; .)
    MUL             reduce using rule 44 (assign_expr -> id_ref DIVASSIGN expr ; .)
    SUB             reduce using rule 44 (assign_expr -> id_ref DIVASSIGN expr ; .)
    ADD             reduce using rule 44 (assign_expr -> id_ref DIVASSIGN expr ; .)
    '               reduce using rule 44 (assign_expr -> id_ref DIVASSIGN expr ; .)
    NEQ             reduce using rule 44 (assign_expr -> id_ref DIVASSIGN expr ; .)
    EQ              reduce using rule 44 (assign_expr -> id_ref DIVASSIGN expr ; .)
    GTE             reduce using rule 44 (assign_expr -> id_ref DIVASSIGN expr ; .)
    LTE             reduce using rule 44 (assign_expr -> id_ref DIVASSIGN expr ; .)
    GT              reduce using rule 44 (assign_expr -> id_ref DIVASSIGN expr ; .)
    LT              reduce using rule 44 (assign_expr -> id_ref DIVASSIGN expr ; .)
    }               reduce using rule 44 (assign_expr -> id_ref DIVASSIGN expr ; .)
    ,               reduce using rule 44 (assign_expr -> id_ref DIVASSIGN expr ; .)
    )               reduce using rule 44 (assign_expr -> id_ref DIVASSIGN expr ; .)
    ELSE            reduce using rule 44 (assign_expr -> id_ref DIVASSIGN expr ; .)


state 114

    (45) assign_expr -> id_ref MULASSIGN expr ; .
    RETURN          reduce using rule 45 (assign_expr -> id_ref MULASSIGN expr ; .)
    CONTINUE        reduce using rule 45 (assign_expr -> id_ref MULASSIGN expr ; .)
    BREAK           reduce using rule 45 (assign_expr -> id_ref MULASSIGN expr ; .)
    {               reduce using rule 45 (assign_expr -> id_ref MULASSIGN expr ; .)
    ;               reduce using rule 45 (assign_expr -> id_ref MULASSIGN expr ; .)
    PRINT           reduce using rule 45 (assign_expr -> id_ref MULASSIGN expr ; .)
    FOR             reduce using rule 45 (assign_expr -> id_ref MULASSIGN expr ; .)
    WHILE           reduce using rule 45 (assign_expr -> id_ref MULASSIGN expr ; .)
    IF              reduce using rule 45 (assign_expr -> id_ref MULASSIGN expr ; .)
    ID              reduce using rule 45 (assign_expr -> id_ref MULASSIGN expr ; .)
    $end            reduce using rule 45 (assign_expr -> id_ref MULASSIGN expr ; .)
    DOTDIV          reduce using rule 45 (assign_expr -> id_ref MULASSIGN expr ; .)
    DOTMUL          reduce using rule 45 (assign_expr -> id_ref MULASSIGN expr ; .)
    DOTSUB          reduce using rule 45 (assign_expr -> id_ref MULASSIGN expr ; .)
    DOTADD          reduce using rule 45 (assign_expr -> id_ref MULASSIGN expr ; .)
    DIV             reduce using rule 45 (assign_expr -> id_ref MULASSIGN expr ; .)
    MUL             reduce using rule 45 (assign_expr -> id_ref MULASSIGN expr ; .)
    SUB             reduce using rule 45 (assign_expr -> id_ref MULASSIGN expr ; .)
    ADD             reduce using rule 45 (assign_expr -> id_ref MULASSIGN expr ; .)
    '               reduce using rule 45 (assign_expr -> id_ref MULASSIGN expr ; .)
    NEQ             reduce using rule 45 (assign_expr -> id_ref MULASSIGN expr ; .)
    EQ              reduce using rule 45 (assign_expr -> id_ref MULASSIGN expr ; .)
    GTE             reduce using rule 45 (assign_expr -> id_ref MULASSIGN expr ; .)
    LTE             reduce using rule 45 (assign_expr -> id_ref MULASSIGN expr ; .)
    GT              reduce using rule 45 (assign_expr -> id_ref MULASSIGN expr ; .)
    LT              reduce using rule 45 (assign_expr -> id_ref MULASSIGN expr ; .)
    }               reduce using rule 45 (assign_expr -> id_ref MULASSIGN expr ; .)
    ,               reduce using rule 45 (assign_expr -> id_ref MULASSIGN expr ; .)
    )               reduce using rule 45 (assign_expr -> id_ref MULASSIGN expr ; .)
    ELSE            reduce using rule 45 (assign_expr -> id_ref MULASSIGN expr ; .)


state 115

    (46) assign_expr -> id_ref SUBASSIGN expr ; .
    RETURN          reduce using rule 46 (assign_expr -> id_ref SUBASSIGN expr ; .)
    CONTINUE        reduce using rule 46 (assign_expr -> id_ref SUBASSIGN expr ; .)
    BREAK           reduce using rule 46 (assign_expr -> id_ref SUBASSIGN expr ; .)
    {               reduce using rule 46 (assign_expr -> id_ref SUBASSIGN expr ; .)
    ;               reduce using rule 46 (assign_expr -> id_ref SUBASSIGN expr ; .)
    PRINT           reduce using rule 46 (assign_expr -> id_ref SUBASSIGN expr ; .)
    FOR             reduce using rule 46 (assign_expr -> id_ref SUBASSIGN expr ; .)
    WHILE           reduce using rule 46 (assign_expr -> id_ref SUBASSIGN expr ; .)
    IF              reduce using rule 46 (assign_expr -> id_ref SUBASSIGN expr ; .)
    ID              reduce using rule 46 (assign_expr -> id_ref SUBASSIGN expr ; .)
    $end            reduce using rule 46 (assign_expr -> id_ref SUBASSIGN expr ; .)
    DOTDIV          reduce using rule 46 (assign_expr -> id_ref SUBASSIGN expr ; .)
    DOTMUL          reduce using rule 46 (assign_expr -> id_ref SUBASSIGN expr ; .)
    DOTSUB          reduce using rule 46 (assign_expr -> id_ref SUBASSIGN expr ; .)
    DOTADD          reduce using rule 46 (assign_expr -> id_ref SUBASSIGN expr ; .)
    DIV             reduce using rule 46 (assign_expr -> id_ref SUBASSIGN expr ; .)
    MUL             reduce using rule 46 (assign_expr -> id_ref SUBASSIGN expr ; .)
    SUB             reduce using rule 46 (assign_expr -> id_ref SUBASSIGN expr ; .)
    ADD             reduce using rule 46 (assign_expr -> id_ref SUBASSIGN expr ; .)
    '               reduce using rule 46 (assign_expr -> id_ref SUBASSIGN expr ; .)
    NEQ             reduce using rule 46 (assign_expr -> id_ref SUBASSIGN expr ; .)
    EQ              reduce using rule 46 (assign_expr -> id_ref SUBASSIGN expr ; .)
    GTE             reduce using rule 46 (assign_expr -> id_ref SUBASSIGN expr ; .)
    LTE             reduce using rule 46 (assign_expr -> id_ref SUBASSIGN expr ; .)
    GT              reduce using rule 46 (assign_expr -> id_ref SUBASSIGN expr ; .)
    LT              reduce using rule 46 (assign_expr -> id_ref SUBASSIGN expr ; .)
    }               reduce using rule 46 (assign_expr -> id_ref SUBASSIGN expr ; .)
    ,               reduce using rule 46 (assign_expr -> id_ref SUBASSIGN expr ; .)
    )               reduce using rule 46 (assign_expr -> id_ref SUBASSIGN expr ; .)
    ELSE            reduce using rule 46 (assign_expr -> id_ref SUBASSIGN expr ; .)


state 116

    (47) assign_expr -> id_ref ADDASSIGN expr ; .
    RETURN          reduce using rule 47 (assign_expr -> id_ref ADDASSIGN expr ; .)
    CONTINUE        reduce using rule 47 (assign_expr -> id_ref ADDASSIGN expr ; .)
    BREAK           reduce using rule 47 (assign_expr -> id_ref ADDASSIGN expr ; .)
    {               reduce using rule 47 (assign_expr -> id_ref ADDASSIGN expr ; .)
    ;               reduce using rule 47 (assign_expr -> id_ref ADDASSIGN expr ; .)
    PRINT           reduce using rule 47 (assign_expr -> id_ref ADDASSIGN expr ; .)
    FOR             reduce using rule 47 (assign_expr -> id_ref ADDASSIGN expr ; .)
    WHILE           reduce using rule 47 (assign_expr -> id_ref ADDASSIGN expr ; .)
    IF              reduce using rule 47 (assign_expr -> id_ref ADDASSIGN expr ; .)
    ID              reduce using rule 47 (assign_expr -> id_ref ADDASSIGN expr ; .)
    $end            reduce using rule 47 (assign_expr -> id_ref ADDASSIGN expr ; .)
    DOTDIV          reduce using rule 47 (assign_expr -> id_ref ADDASSIGN expr ; .)
    DOTMUL          reduce using rule 47 (assign_expr -> id_ref ADDASSIGN expr ; .)
    DOTSUB          reduce using rule 47 (assign_expr -> id_ref ADDASSIGN expr ; .)
    DOTADD          reduce using rule 47 (assign_expr -> id_ref ADDASSIGN expr ; .)
    DIV             reduce using rule 47 (assign_expr -> id_ref ADDASSIGN expr ; .)
    MUL             reduce using rule 47 (assign_expr -> id_ref ADDASSIGN expr ; .)
    SUB             reduce using rule 47 (assign_expr -> id_ref ADDASSIGN expr ; .)
    ADD             reduce using rule 47 (assign_expr -> id_ref ADDASSIGN expr ; .)
    '               reduce using rule 47 (assign_expr -> id_ref ADDASSIGN expr ; .)
    NEQ             reduce using rule 47 (assign_expr -> id_ref ADDASSIGN expr ; .)
    EQ              reduce using rule 47 (assign_expr -> id_ref ADDASSIGN expr ; .)
    GTE             reduce using rule 47 (assign_expr -> id_ref ADDASSIGN expr ; .)
    LTE             reduce using rule 47 (assign_expr -> id_ref ADDASSIGN expr ; .)
    GT              reduce using rule 47 (assign_expr -> id_ref ADDASSIGN expr ; .)
    LT              reduce using rule 47 (assign_expr -> id_ref ADDASSIGN expr ; .)
    }               reduce using rule 47 (assign_expr -> id_ref ADDASSIGN expr ; .)
    ,               reduce using rule 47 (assign_expr -> id_ref ADDASSIGN expr ; .)
    )               reduce using rule 47 (assign_expr -> id_ref ADDASSIGN expr ; .)
    ELSE            reduce using rule 47 (assign_expr -> id_ref ADDASSIGN expr ; .)


state 117

    (48) assign_expr -> id_ref = expr ; .
    RETURN          reduce using rule 48 (assign_expr -> id_ref = expr ; .)
    CONTINUE        reduce using rule 48 (assign_expr -> id_ref = expr ; .)
    BREAK           reduce using rule 48 (assign_expr -> id_ref = expr ; .)
    {               reduce using rule 48 (assign_expr -> id_ref = expr ; .)
    ;               reduce using rule 48 (assign_expr -> id_ref = expr ; .)
    PRINT           reduce using rule 48 (assign_expr -> id_ref = expr ; .)
    FOR             reduce using rule 48 (assign_expr -> id_ref = expr ; .)
    WHILE           reduce using rule 48 (assign_expr -> id_ref = expr ; .)
    IF              reduce using rule 48 (assign_expr -> id_ref = expr ; .)
    ID              reduce using rule 48 (assign_expr -> id_ref = expr ; .)
    $end            reduce using rule 48 (assign_expr -> id_ref = expr ; .)
    DOTDIV          reduce using rule 48 (assign_expr -> id_ref = expr ; .)
    DOTMUL          reduce using rule 48 (assign_expr -> id_ref = expr ; .)
    DOTSUB          reduce using rule 48 (assign_expr -> id_ref = expr ; .)
    DOTADD          reduce using rule 48 (assign_expr -> id_ref = expr ; .)
    DIV             reduce using rule 48 (assign_expr -> id_ref = expr ; .)
    MUL             reduce using rule 48 (assign_expr -> id_ref = expr ; .)
    SUB             reduce using rule 48 (assign_expr -> id_ref = expr ; .)
    ADD             reduce using rule 48 (assign_expr -> id_ref = expr ; .)
    '               reduce using rule 48 (assign_expr -> id_ref = expr ; .)
    NEQ             reduce using rule 48 (assign_expr -> id_ref = expr ; .)
    EQ              reduce using rule 48 (assign_expr -> id_ref = expr ; .)
    GTE             reduce using rule 48 (assign_expr -> id_ref = expr ; .)
    LTE             reduce using rule 48 (assign_expr -> id_ref = expr ; .)
    GT              reduce using rule 48 (assign_expr -> id_ref = expr ; .)
    LT              reduce using rule 48 (assign_expr -> id_ref = expr ; .)
    }               reduce using rule 48 (assign_expr -> id_ref = expr ; .)
    ,               reduce using rule 48 (assign_expr -> id_ref = expr ; .)
    )               reduce using rule 48 (assign_expr -> id_ref = expr ; .)
    ELSE            reduce using rule 48 (assign_expr -> id_ref = expr ; .)


state 118

    (18) id_int -> ID .
    :               reduce using rule 18 (id_int -> ID .)
    RETURN          reduce using rule 18 (id_int -> ID .)
    CONTINUE        reduce using rule 18 (id_int -> ID .)
    BREAK           reduce using rule 18 (id_int -> ID .)
    {               reduce using rule 18 (id_int -> ID .)
    ;               reduce using rule 18 (id_int -> ID .)
    PRINT           reduce using rule 18 (id_int -> ID .)
    FOR             reduce using rule 18 (id_int -> ID .)
    WHILE           reduce using rule 18 (id_int -> ID .)
    IF              reduce using rule 18 (id_int -> ID .)
    ID              reduce using rule 18 (id_int -> ID .)


state 119

    (16) for_stmt -> FOR ID = id_int . : id_int stmt
    :               shift and go to state 130


state 120

    (17) id_int -> INTNUM .
    :               reduce using rule 17 (id_int -> INTNUM .)
    RETURN          reduce using rule 17 (id_int -> INTNUM .)
    CONTINUE        reduce using rule 17 (id_int -> INTNUM .)
    BREAK           reduce using rule 17 (id_int -> INTNUM .)
    {               reduce using rule 17 (id_int -> INTNUM .)
    ;               reduce using rule 17 (id_int -> INTNUM .)
    PRINT           reduce using rule 17 (id_int -> INTNUM .)
    FOR             reduce using rule 17 (id_int -> INTNUM .)
    WHILE           reduce using rule 17 (id_int -> INTNUM .)
    IF              reduce using rule 17 (id_int -> INTNUM .)
    ID              reduce using rule 17 (id_int -> INTNUM .)


state 121

    (60) matrix_ref -> ID [ string_of_num ] .
    DIVASSIGN       reduce using rule 60 (matrix_ref -> ID [ string_of_num ] .)
    MULASSIGN       reduce using rule 60 (matrix_ref -> ID [ string_of_num ] .)
    SUBASSIGN       reduce using rule 60 (matrix_ref -> ID [ string_of_num ] .)
    ADDASSIGN       reduce using rule 60 (matrix_ref -> ID [ string_of_num ] .)
    =               reduce using rule 60 (matrix_ref -> ID [ string_of_num ] .)
    ;               reduce using rule 60 (matrix_ref -> ID [ string_of_num ] .)
    DOTDIV          reduce using rule 60 (matrix_ref -> ID [ string_of_num ] .)
    DOTMUL          reduce using rule 60 (matrix_ref -> ID [ string_of_num ] .)
    DOTSUB          reduce using rule 60 (matrix_ref -> ID [ string_of_num ] .)
    DOTADD          reduce using rule 60 (matrix_ref -> ID [ string_of_num ] .)
    DIV             reduce using rule 60 (matrix_ref -> ID [ string_of_num ] .)
    MUL             reduce using rule 60 (matrix_ref -> ID [ string_of_num ] .)
    SUB             reduce using rule 60 (matrix_ref -> ID [ string_of_num ] .)
    ADD             reduce using rule 60 (matrix_ref -> ID [ string_of_num ] .)
    '               reduce using rule 60 (matrix_ref -> ID [ string_of_num ] .)
    NEQ             reduce using rule 60 (matrix_ref -> ID [ string_of_num ] .)
    EQ              reduce using rule 60 (matrix_ref -> ID [ string_of_num ] .)
    GTE             reduce using rule 60 (matrix_ref -> ID [ string_of_num ] .)
    LTE             reduce using rule 60 (matrix_ref -> ID [ string_of_num ] .)
    GT              reduce using rule 60 (matrix_ref -> ID [ string_of_num ] .)
    LT              reduce using rule 60 (matrix_ref -> ID [ string_of_num ] .)
    ,               reduce using rule 60 (matrix_ref -> ID [ string_of_num ] .)
    )               reduce using rule 60 (matrix_ref -> ID [ string_of_num ] .)


state 122

    (15) while_stmt -> WHILE ( relation_expr ) . stmt
    (3) stmt -> . print_stmt
    (4) stmt -> . assign_expr
    (5) stmt -> . for_stmt
    (6) stmt -> . while_stmt
    (7) stmt -> . if_stmt
    (8) stmt -> . RETURN expr ;
    (9) stmt -> . CONTINUE ;
    (10) stmt -> . BREAK ;
    (11) stmt -> . { statements }
    (12) stmt -> . ;
    (19) print_stmt -> . PRINT print_rek ;
    (44) assign_expr -> . id_ref DIVASSIGN expr ;
    (45) assign_expr -> . id_ref MULASSIGN expr ;
    (46) assign_expr -> . id_ref SUBASSIGN expr ;
    (47) assign_expr -> . id_ref ADDASSIGN expr ;
    (48) assign_expr -> . id_ref = expr ;
    (16) for_stmt -> . FOR ID = id_int : id_int stmt
    (15) while_stmt -> . WHILE ( relation_expr ) stmt
    (13) if_stmt -> . IF ( relation_expr ) stmt
    (14) if_stmt -> . IF ( relation_expr ) stmt ELSE stmt
    (49) id_ref -> . matrix_ref
    (50) id_ref -> . ID
    (60) matrix_ref -> . ID [ string_of_num ]
    RETURN          shift and go to state 8
    CONTINUE        shift and go to state 10
    BREAK           shift and go to state 11
    {               shift and go to state 12
    ;               shift and go to state 9
    PRINT           shift and go to state 13
    FOR             shift and go to state 15
    WHILE           shift and go to state 17
    IF              shift and go to state 18
    ID              shift and go to state 16

    stmt                           shift and go to state 131
    print_stmt                     shift and go to state 3
    assign_expr                    shift and go to state 4
    for_stmt                       shift and go to state 5
    while_stmt                     shift and go to state 6
    if_stmt                        shift and go to state 7
    id_ref                         shift and go to state 14
    matrix_ref                     shift and go to state 19

state 123

    (13) if_stmt -> IF ( relation_expr ) . stmt
    (14) if_stmt -> IF ( relation_expr ) . stmt ELSE stmt
    (3) stmt -> . print_stmt
    (4) stmt -> . assign_expr
    (5) stmt -> . for_stmt
    (6) stmt -> . while_stmt
    (7) stmt -> . if_stmt
    (8) stmt -> . RETURN expr ;
    (9) stmt -> . CONTINUE ;
    (10) stmt -> . BREAK ;
    (11) stmt -> . { statements }
    (12) stmt -> . ;
    (19) print_stmt -> . PRINT print_rek ;
    (44) assign_expr -> . id_ref DIVASSIGN expr ;
    (45) assign_expr -> . id_ref MULASSIGN expr ;
    (46) assign_expr -> . id_ref SUBASSIGN expr ;
    (47) assign_expr -> . id_ref ADDASSIGN expr ;
    (48) assign_expr -> . id_ref = expr ;
    (16) for_stmt -> . FOR ID = id_int : id_int stmt
    (15) while_stmt -> . WHILE ( relation_expr ) stmt
    (13) if_stmt -> . IF ( relation_expr ) stmt
    (14) if_stmt -> . IF ( relation_expr ) stmt ELSE stmt
    (49) id_ref -> . matrix_ref
    (50) id_ref -> . ID
    (60) matrix_ref -> . ID [ string_of_num ]
    RETURN          shift and go to state 8
    CONTINUE        shift and go to state 10
    BREAK           shift and go to state 11
    {               shift and go to state 12
    ;               shift and go to state 9
    PRINT           shift and go to state 13
    FOR             shift and go to state 15
    WHILE           shift and go to state 17
    IF              shift and go to state 18
    ID              shift and go to state 16

    stmt                           shift and go to state 132
    print_stmt                     shift and go to state 3
    assign_expr                    shift and go to state 4
    for_stmt                       shift and go to state 5
    while_stmt                     shift and go to state 6
    if_stmt                        shift and go to state 7
    id_ref                         shift and go to state 14
    matrix_ref                     shift and go to state 19

state 124

    (62) matrix_rows -> [ string_of_num ] .
    ]               reduce using rule 62 (matrix_rows -> [ string_of_num ] .)
    ,               reduce using rule 62 (matrix_rows -> [ string_of_num ] .)


state 125

    (63) string_of_num -> string_of_num , INTNUM .
    ]               reduce using rule 63 (string_of_num -> string_of_num , INTNUM .)
    ,               reduce using rule 63 (string_of_num -> string_of_num , INTNUM .)


state 126

    (61) matrix_rows -> matrix_rows , [ . string_of_num ]
    (63) string_of_num -> . string_of_num , INTNUM
    (64) string_of_num -> . INTNUM
    INTNUM          shift and go to state 71

    string_of_num                  shift and go to state 133

state 127

    (57) matrix_funcs -> EYE ( INTNUM ) .
    ;               reduce using rule 57 (matrix_funcs -> EYE ( INTNUM ) .)
    DOTDIV          reduce using rule 57 (matrix_funcs -> EYE ( INTNUM ) .)
    DOTMUL          reduce using rule 57 (matrix_funcs -> EYE ( INTNUM ) .)
    DOTSUB          reduce using rule 57 (matrix_funcs -> EYE ( INTNUM ) .)
    DOTADD          reduce using rule 57 (matrix_funcs -> EYE ( INTNUM ) .)
    DIV             reduce using rule 57 (matrix_funcs -> EYE ( INTNUM ) .)
    MUL             reduce using rule 57 (matrix_funcs -> EYE ( INTNUM ) .)
    SUB             reduce using rule 57 (matrix_funcs -> EYE ( INTNUM ) .)
    ADD             reduce using rule 57 (matrix_funcs -> EYE ( INTNUM ) .)
    '               reduce using rule 57 (matrix_funcs -> EYE ( INTNUM ) .)
    NEQ             reduce using rule 57 (matrix_funcs -> EYE ( INTNUM ) .)
    EQ              reduce using rule 57 (matrix_funcs -> EYE ( INTNUM ) .)
    GTE             reduce using rule 57 (matrix_funcs -> EYE ( INTNUM ) .)
    LTE             reduce using rule 57 (matrix_funcs -> EYE ( INTNUM ) .)
    GT              reduce using rule 57 (matrix_funcs -> EYE ( INTNUM ) .)
    LT              reduce using rule 57 (matrix_funcs -> EYE ( INTNUM ) .)
    ,               reduce using rule 57 (matrix_funcs -> EYE ( INTNUM ) .)
    )               reduce using rule 57 (matrix_funcs -> EYE ( INTNUM ) .)


state 128

    (58) matrix_funcs -> ONES ( INTNUM ) .
    ;               reduce using rule 58 (matrix_funcs -> ONES ( INTNUM ) .)
    DOTDIV          reduce using rule 58 (matrix_funcs -> ONES ( INTNUM ) .)
    DOTMUL          reduce using rule 58 (matrix_funcs -> ONES ( INTNUM ) .)
    DOTSUB          reduce using rule 58 (matrix_funcs -> ONES ( INTNUM ) .)
    DOTADD          reduce using rule 58 (matrix_funcs -> ONES ( INTNUM ) .)
    DIV             reduce using rule 58 (matrix_funcs -> ONES ( INTNUM ) .)
    MUL             reduce using rule 58 (matrix_funcs -> ONES ( INTNUM ) .)
    SUB             reduce using rule 58 (matrix_funcs -> ONES ( INTNUM ) .)
    ADD             reduce using rule 58 (matrix_funcs -> ONES ( INTNUM ) .)
    '               reduce using rule 58 (matrix_funcs -> ONES ( INTNUM ) .)
    NEQ             reduce using rule 58 (matrix_funcs -> ONES ( INTNUM ) .)
    EQ              reduce using rule 58 (matrix_funcs -> ONES ( INTNUM ) .)
    GTE             reduce using rule 58 (matrix_funcs -> ONES ( INTNUM ) .)
    LTE             reduce using rule 58 (matrix_funcs -> ONES ( INTNUM ) .)
    GT              reduce using rule 58 (matrix_funcs -> ONES ( INTNUM ) .)
    LT              reduce using rule 58 (matrix_funcs -> ONES ( INTNUM ) .)
    ,               reduce using rule 58 (matrix_funcs -> ONES ( INTNUM ) .)
    )               reduce using rule 58 (matrix_funcs -> ONES ( INTNUM ) .)


state 129

    (59) matrix_funcs -> ZEROS ( INTNUM ) .
    ;               reduce using rule 59 (matrix_funcs -> ZEROS ( INTNUM ) .)
    DOTDIV          reduce using rule 59 (matrix_funcs -> ZEROS ( INTNUM ) .)
    DOTMUL          reduce using rule 59 (matrix_funcs -> ZEROS ( INTNUM ) .)
    DOTSUB          reduce using rule 59 (matrix_funcs -> ZEROS ( INTNUM ) .)
    DOTADD          reduce using rule 59 (matrix_funcs -> ZEROS ( INTNUM ) .)
    DIV             reduce using rule 59 (matrix_funcs -> ZEROS ( INTNUM ) .)
    MUL             reduce using rule 59 (matrix_funcs -> ZEROS ( INTNUM ) .)
    SUB             reduce using rule 59 (matrix_funcs -> ZEROS ( INTNUM ) .)
    ADD             reduce using rule 59 (matrix_funcs -> ZEROS ( INTNUM ) .)
    '               reduce using rule 59 (matrix_funcs -> ZEROS ( INTNUM ) .)
    NEQ             reduce using rule 59 (matrix_funcs -> ZEROS ( INTNUM ) .)
    EQ              reduce using rule 59 (matrix_funcs -> ZEROS ( INTNUM ) .)
    GTE             reduce using rule 59 (matrix_funcs -> ZEROS ( INTNUM ) .)
    LTE             reduce using rule 59 (matrix_funcs -> ZEROS ( INTNUM ) .)
    GT              reduce using rule 59 (matrix_funcs -> ZEROS ( INTNUM ) .)
    LT              reduce using rule 59 (matrix_funcs -> ZEROS ( INTNUM ) .)
    ,               reduce using rule 59 (matrix_funcs -> ZEROS ( INTNUM ) .)
    )               reduce using rule 59 (matrix_funcs -> ZEROS ( INTNUM ) .)


state 130

    (16) for_stmt -> FOR ID = id_int : . id_int stmt
    (17) id_int -> . INTNUM
    (18) id_int -> . ID
    INTNUM          shift and go to state 120
    ID              shift and go to state 118

    id_int                         shift and go to state 134

state 131

    (15) while_stmt -> WHILE ( relation_expr ) stmt .
    RETURN          reduce using rule 15 (while_stmt -> WHILE ( relation_expr ) stmt .)
    CONTINUE        reduce using rule 15 (while_stmt -> WHILE ( relation_expr ) stmt .)
    BREAK           reduce using rule 15 (while_stmt -> WHILE ( relation_expr ) stmt .)
    {               reduce using rule 15 (while_stmt -> WHILE ( relation_expr ) stmt .)
    ;               reduce using rule 15 (while_stmt -> WHILE ( relation_expr ) stmt .)
    PRINT           reduce using rule 15 (while_stmt -> WHILE ( relation_expr ) stmt .)
    FOR             reduce using rule 15 (while_stmt -> WHILE ( relation_expr ) stmt .)
    WHILE           reduce using rule 15 (while_stmt -> WHILE ( relation_expr ) stmt .)
    IF              reduce using rule 15 (while_stmt -> WHILE ( relation_expr ) stmt .)
    ID              reduce using rule 15 (while_stmt -> WHILE ( relation_expr ) stmt .)
    $end            reduce using rule 15 (while_stmt -> WHILE ( relation_expr ) stmt .)
    }               reduce using rule 15 (while_stmt -> WHILE ( relation_expr ) stmt .)
    ELSE            reduce using rule 15 (while_stmt -> WHILE ( relation_expr ) stmt .)


state 132

    (13) if_stmt -> IF ( relation_expr ) stmt .
    (14) if_stmt -> IF ( relation_expr ) stmt . ELSE stmt
    RETURN          reduce using rule 13 (if_stmt -> IF ( relation_expr ) stmt .)
    CONTINUE        reduce using rule 13 (if_stmt -> IF ( relation_expr ) stmt .)
    BREAK           reduce using rule 13 (if_stmt -> IF ( relation_expr ) stmt .)
    {               reduce using rule 13 (if_stmt -> IF ( relation_expr ) stmt .)
    ;               reduce using rule 13 (if_stmt -> IF ( relation_expr ) stmt .)
    PRINT           reduce using rule 13 (if_stmt -> IF ( relation_expr ) stmt .)
    FOR             reduce using rule 13 (if_stmt -> IF ( relation_expr ) stmt .)
    WHILE           reduce using rule 13 (if_stmt -> IF ( relation_expr ) stmt .)
    IF              reduce using rule 13 (if_stmt -> IF ( relation_expr ) stmt .)
    ID              reduce using rule 13 (if_stmt -> IF ( relation_expr ) stmt .)
    $end            reduce using rule 13 (if_stmt -> IF ( relation_expr ) stmt .)
    }               reduce using rule 13 (if_stmt -> IF ( relation_expr ) stmt .)
    ELSE            shift and go to state 135


state 133

    (61) matrix_rows -> matrix_rows , [ string_of_num . ]
    (63) string_of_num -> string_of_num . , INTNUM
    ]               shift and go to state 136
    ,               shift and go to state 105


state 134

    (16) for_stmt -> FOR ID = id_int : id_int . stmt
    (3) stmt -> . print_stmt
    (4) stmt -> . assign_expr
    (5) stmt -> . for_stmt
    (6) stmt -> . while_stmt
    (7) stmt -> . if_stmt
    (8) stmt -> . RETURN expr ;
    (9) stmt -> . CONTINUE ;
    (10) stmt -> . BREAK ;
    (11) stmt -> . { statements }
    (12) stmt -> . ;
    (19) print_stmt -> . PRINT print_rek ;
    (44) assign_expr -> . id_ref DIVASSIGN expr ;
    (45) assign_expr -> . id_ref MULASSIGN expr ;
    (46) assign_expr -> . id_ref SUBASSIGN expr ;
    (47) assign_expr -> . id_ref ADDASSIGN expr ;
    (48) assign_expr -> . id_ref = expr ;
    (16) for_stmt -> . FOR ID = id_int : id_int stmt
    (15) while_stmt -> . WHILE ( relation_expr ) stmt
    (13) if_stmt -> . IF ( relation_expr ) stmt
    (14) if_stmt -> . IF ( relation_expr ) stmt ELSE stmt
    (49) id_ref -> . matrix_ref
    (50) id_ref -> . ID
    (60) matrix_ref -> . ID [ string_of_num ]
    RETURN          shift and go to state 8
    CONTINUE        shift and go to state 10
    BREAK           shift and go to state 11
    {               shift and go to state 12
    ;               shift and go to state 9
    PRINT           shift and go to state 13
    FOR             shift and go to state 15
    WHILE           shift and go to state 17
    IF              shift and go to state 18
    ID              shift and go to state 16

    stmt                           shift and go to state 137
    print_stmt                     shift and go to state 3
    assign_expr                    shift and go to state 4
    for_stmt                       shift and go to state 5
    while_stmt                     shift and go to state 6
    if_stmt                        shift and go to state 7
    id_ref                         shift and go to state 14
    matrix_ref                     shift and go to state 19

state 135

    (14) if_stmt -> IF ( relation_expr ) stmt ELSE . stmt
    (3) stmt -> . print_stmt
    (4) stmt -> . assign_expr
    (5) stmt -> . for_stmt
    (6) stmt -> . while_stmt
    (7) stmt -> . if_stmt
    (8) stmt -> . RETURN expr ;
    (9) stmt -> . CONTINUE ;
    (10) stmt -> . BREAK ;
    (11) stmt -> . { statements }
    (12) stmt -> . ;
    (19) print_stmt -> . PRINT print_rek ;
    (44) assign_expr -> . id_ref DIVASSIGN expr ;
    (45) assign_expr -> . id_ref MULASSIGN expr ;
    (46) assign_expr -> . id_ref SUBASSIGN expr ;
    (47) assign_expr -> . id_ref ADDASSIGN expr ;
    (48) assign_expr -> . id_ref = expr ;
    (16) for_stmt -> . FOR ID = id_int : id_int stmt
    (15) while_stmt -> . WHILE ( relation_expr ) stmt
    (13) if_stmt -> . IF ( relation_expr ) stmt
    (14) if_stmt -> . IF ( relation_expr ) stmt ELSE stmt
    (49) id_ref -> . matrix_ref
    (50) id_ref -> . ID
    (60) matrix_ref -> . ID [ string_of_num ]
    RETURN          shift and go to state 8
    CONTINUE        shift and go to state 10
    BREAK           shift and go to state 11
    {               shift and go to state 12
    ;               shift and go to state 9
    PRINT           shift and go to state 13
    FOR             shift and go to state 15
    WHILE           shift and go to state 17
    IF              shift and go to state 18
    ID              shift and go to state 16

    stmt                           shift and go to state 138
    print_stmt                     shift and go to state 3
    assign_expr                    shift and go to state 4
    for_stmt                       shift and go to state 5
    while_stmt                     shift and go to state 6
    if_stmt                        shift and go to state 7
    id_ref                         shift and go to state 14
    matrix_ref                     shift and go to state 19

state 136

    (61) matrix_rows -> matrix_rows , [ string_of_num ] .
    ]               reduce using rule 61 (matrix_rows -> matrix_rows , [ string_of_num ] .)
    ,               reduce using rule 61 (matrix_rows -> matrix_rows , [ string_of_num ] .)


state 137

    (16) for_stmt -> FOR ID = id_int : id_int stmt .
    RETURN          reduce using rule 16 (for_stmt -> FOR ID = id_int : id_int stmt .)
    CONTINUE        reduce using rule 16 (for_stmt -> FOR ID = id_int : id_int stmt .)
    BREAK           reduce using rule 16 (for_stmt -> FOR ID = id_int : id_int stmt .)
    {               reduce using rule 16 (for_stmt -> FOR ID = id_int : id_int stmt .)
    ;               reduce using rule 16 (for_stmt -> FOR ID = id_int : id_int stmt .)
    PRINT           reduce using rule 16 (for_stmt -> FOR ID = id_int : id_int stmt .)
    FOR             reduce using rule 16 (for_stmt -> FOR ID = id_int : id_int stmt .)
    WHILE           reduce using rule 16 (for_stmt -> FOR ID = id_int : id_int stmt .)
    IF              reduce using rule 16 (for_stmt -> FOR ID = id_int : id_int stmt .)
    ID              reduce using rule 16 (for_stmt -> FOR ID = id_int : id_int stmt .)
    $end            reduce using rule 16 (for_stmt -> FOR ID = id_int : id_int stmt .)
    }               reduce using rule 16 (for_stmt -> FOR ID = id_int : id_int stmt .)
    ELSE            reduce using rule 16 (for_stmt -> FOR ID = id_int : id_int stmt .)


state 138

    (14) if_stmt -> IF ( relation_expr ) stmt ELSE stmt .
    RETURN          reduce using rule 14 (if_stmt -> IF ( relation_expr ) stmt ELSE stmt .)
    CONTINUE        reduce using rule 14 (if_stmt -> IF ( relation_expr ) stmt ELSE stmt .)
    BREAK           reduce using rule 14 (if_stmt -> IF ( relation_expr ) stmt ELSE stmt .)
    {               reduce using rule 14 (if_stmt -> IF ( relation_expr ) stmt ELSE stmt .)
    ;               reduce using rule 14 (if_stmt -> IF ( relation_expr ) stmt ELSE stmt .)
    PRINT           reduce using rule 14 (if_stmt -> IF ( relation_expr ) stmt ELSE stmt .)
    FOR             reduce using rule 14 (if_stmt -> IF ( relation_expr ) stmt ELSE stmt .)
    WHILE           reduce using rule 14 (if_stmt -> IF ( relation_expr ) stmt ELSE stmt .)
    IF              reduce using rule 14 (if_stmt -> IF ( relation_expr ) stmt ELSE stmt .)
    ID              reduce using rule 14 (if_stmt -> IF ( relation_expr ) stmt ELSE stmt .)
    $end            reduce using rule 14 (if_stmt -> IF ( relation_expr ) stmt ELSE stmt .)
    }               reduce using rule 14 (if_stmt -> IF ( relation_expr ) stmt ELSE stmt .)
    ELSE            reduce using rule 14 (if_stmt -> IF ( relation_expr ) stmt ELSE stmt .)
